INSERT INTO food_group
VALUES
    ("Spices and essential oils", "Blue hot turn agree social four.", "Seafood", "https://dummyimage.com/1121x1006", "Describe fill kitchen."),
    ("Coffee, tea and their products", "Admit no now dog attorney Congress indeed.", "Poultry", "https://dummyimage.com/1604x1508", "Brother cup oil picture."),
    ("Preserved foods", "Stand good fly through animal.", "Meat", "https://dummyimage.com/1613x1823", "Share at those executive a."),
    ("Sweeteners", "Director measure born production American informat", "Vegetarian/Vegan", "https://dummyimage.com/1849x1774", "Middle example plant."),
    ("Fats and oils", "Food thing newspaper institution story give.", "Vegetable-Based", "https://dummyimage.com/1126x1645", "Fact subject talk life."),
    ("Milk, eggs and their products", "Respond whatever change this under time now.", "Fruit-Based", "https://dummyimage.com/1398x1281", "Threat small defense attorney final parent perform."),
    ("Meat and its products", "Thing consider worker family.", "Grain-Based", "https://dummyimage.com/1084x1564", "Finish all green short design benefit turn."),
    ("Fish and their products", "Cut offer time site mind light.", "Dairy-Based", "https://dummyimage.com/1532x1968", "Although stop thing picture American friend watch kitchen."),
    ("Cereals and their products", "Live itself worry right various everything.", "Nut and Seed-Based", "https://dummyimage.com/1720x1344", "Song east management."),
    ("Various foods of plant origin", "Republican scene consumer store figure other off t", "Egg-Based", "https://dummyimage.com/1831x1663", "Laugh president economic some shoulder."),
    ("Products with sweeteners", "Military law clearly current region none.", "Legume-Based", "https://dummyimage.com/1354x1853", "Travel good participant entire."),
    ("Various drinks", "Interesting draw rule series skin threat like.", "Mushroom-Based", "https://dummyimage.com/1872x1441", "Three approach class fear half.");


INSERT INTO ingredients
VALUES
    ("Chicken Stock", 26, "Cereals and their products", "https://dummyimage.com/1013x1521", "And call around let result standard least."),
    ("Polenta", 494, "Meat and its products", "https://dummyimage.com/1462x1798", "Finish forward son threat go visit."),
    ("Corella Pear", 230, "Cereals and their products", "https://dummyimage.com/1161x1729", "Interview ground decade year simple."),
    ("Dates", 428, "Various foods of plant origin", "https://dummyimage.com/1142x1903", "Production fly myself nice owner in."),
    ("Figs", 68, "Coffee, tea and their products", "https://dummyimage.com/1411x1358", "Born night space third data international different require."),
    ("FlourPotato", 410, "Fats and oils", "https://dummyimage.com/1513x1741", "Town anything clearly both relate like other."),
    ("Sprouts", 46, "Coffee, tea and their products", "https://dummyimage.com/1204x1625", "Page remember police sometimes staff oil."),
    ("Ricemilk", 614, "Coffee, tea and their products", "https://dummyimage.com/1514x1974", "Yeah stock generation way."),
    ("Kohlrabi", 555, "Coffee, tea and their products", "https://dummyimage.com/1888x1981", "Agent health physical big word cold."),
    ("Fish Stock", 373, "Sweeteners", "https://dummyimage.com/1166x1411", "Them shoulder sign local key reduce strategy."),
    ("Wholemeal", 491, "Various foods of plant origin", "https://dummyimage.com/1566x1755", "Good few military sense measure market leader."),
    ("Avocado Oil", 282, "Spices and essential oils", "https://dummyimage.com/1894x1187", "Value if seek five piece growth price."),
    ("Okra", 114, "Sweeteners", "https://dummyimage.com/1004x1592", "Should ground ten rule option listen agreement."),
    ("Rice Noodles", 188, "Milk, eggs and their products", "https://dummyimage.com/1804x1157", "Enough rate several work follow."),
    ("Grapes", 24, "Fats and oils", "https://dummyimage.com/1728x1033", "Weight unit like receive box life difficult."),
    ("Spearmint", 546, "Various drinks", "https://dummyimage.com/1458x1249", "Other security bit give they trial she."),
    ("Fromage Blanc", 24, "Fish and their products", "https://dummyimage.com/1887x1350", "Suddenly where assume tell final attack hold with."),
    ("Sun dried tomatoes", 271, "Sweeteners", "https://dummyimage.com/1332x1210", "Couple require issue car."),
    ("Mung Beans", 146, "Fish and their products", "https://dummyimage.com/1854x1238", "House buy rock product."),
    ("UnbleachedFlour", 286, "Products with sweeteners", "https://dummyimage.com/1241x1125", "Job miss traditional goal expect."),
    ("Octopus", 270, "Fats and oils", "https://dummyimage.com/1540x1818", "Name how investment interview agreement method."),
    ("SoyFlour", 329, "Spices and essential oils", "https://dummyimage.com/1221x1838", "Final adult support current."),
    ("Bean Sprouts", 409, "Coffee, tea and their products", "https://dummyimage.com/1320x1927", "Least available herself either."),
    ("Celery Seed", 283, "Fats and oils", "https://dummyimage.com/1367x1880", "Run debate factor board."),
    ("Green Tea", 104, "Products with sweeteners", "https://dummyimage.com/1232x1453", "Wide front still into."),
    ("Broccolini", 213, "Coffee, tea and their products", "https://dummyimage.com/1391x1758", "Everything song manager such."),
    ("Sesame seed", 42, "Fish and their products", "https://dummyimage.com/1663x1687", "Point just small include base."),
    ("Cacao", 484, "Various drinks", "https://dummyimage.com/1346x1701", "Method mouth dream parent project resource."),
    ("Baking Soda", 276, "Preserved foods", "https://dummyimage.com/1255x1339", "Think executive beyond ahead bed out hundred."),
    ("Vegetable Stock", 344, "Meat and its products", "https://dummyimage.com/1979x1716", "Gun authority level its size."),
    ("Oysters", 110, "Coffee, tea and their products", "https://dummyimage.com/1919x1553", "Almost wish garden."),
    ("French eschallots", 171, "Meat and its products", "https://dummyimage.com/1585x1024", "Worry general final evidence guy walk."),
    ("Mackerel", 442, "Coffee, tea and their products", "https://dummyimage.com/1623x1561", "Receive small recent bring happen."),
    ("English Spinach", 522, "Fish and their products", "https://dummyimage.com/1018x1381", "Data treat must art read."),
    ("Capers", 384, "Various drinks", "https://dummyimage.com/1976x1862", "Whom could whole mother agreement."),
    ("Corn Tortilla", 148, "Various drinks", "https://dummyimage.com/1293x1924", "And occur where operation."),
    ("Water", 149, "Sweeteners", "https://dummyimage.com/1551x1953", "Natural wall this real."),
    ("Arborio rice", 218, "Sweeteners", "https://dummyimage.com/1306x1065", "Herself store garden child keep simply."),
    ("Tom Yum", 176, "Sweeteners", "https://dummyimage.com/1411x1182", "History become than."),
    ("Choy Sum", 293, "Fats and oils", "https://dummyimage.com/1838x1014", "Shoulder head series case American firm front stuff."),
    ("Celery", 70, "Milk, eggs and their products", "https://dummyimage.com/1678x1564", "Current will measure."),
    ("Fenugreek", 494, "Meat and its products", "https://dummyimage.com/1991x1096", "Music hundred seek fight much."),
    ("Coconut", 611, "Milk, eggs and their products", "https://dummyimage.com/1762x1345", "Discussion result create upon bed less."),
    ("Malt vinegar", 596, "Various foods of plant origin", "https://dummyimage.com/1347x1298", "Success seek performance contain perhaps thought indeed whom."),
    ("Honey", 288, "Fish and their products", "https://dummyimage.com/1001x1971", "Machine office point although thus."),
    ("Potatoes", 125, "Various drinks", "https://dummyimage.com/1028x1608", "Head culture inside start available here American he."),
    ("Nutmeg", 172, "Spices and essential oils", "https://dummyimage.com/1576x1340", "Action push street adult."),
    ("Jasmine rice", 468, "Preserved foods", "https://dummyimage.com/1398x1006", "Consumer media draw he."),
    ("Harissa", 498, "Fats and oils", "https://dummyimage.com/1541x1620", "Development participant such hard pull production over."),
    ("Galangal", 560, "Meat and its products", "https://dummyimage.com/1636x1558", "Point card space rise student job race."),
    ("Sake", 109, "Various drinks", "https://dummyimage.com/1107x1185", "Trade each study."),
    ("Tinned", 263, "Spices and essential oils", "https://dummyimage.com/1995x1288", "Upon inside look various low."),
    ("Spelt", 500, "Sweeteners", "https://dummyimage.com/1490x1839", "Amount forget better state season my line."),
    ("Parrotfish", 69, "Various drinks", "https://dummyimage.com/1864x1824", "Party individual song activity mouth."),
    ("Artichoke", 226, "Various foods of plant origin", "https://dummyimage.com/1985x1177", "Face show thing."),
    ("SwedeSweet Chilli Sauce", 185, "Milk, eggs and their products", "https://dummyimage.com/1579x1975", "Require up police rock nor."),
    ("MilkChocolate", 611, "Milk, eggs and their products", "https://dummyimage.com/1402x1031", "Kitchen reason raise success."),
    ("Albacore Tuna", 400, "Coffee, tea and their products", "https://dummyimage.com/1242x1749", "Someone medical discover wait."),
    ("Turmeric", 271, "Fats and oils", "https://dummyimage.com/1944x1715", "Dinner bit suggest something number."),
    ("Barramundi", 294, "Various drinks", "https://dummyimage.com/1183x1869", "Late consider present picture its leader.");


INSERT INTO recipe
VALUES
    ("Healthy Buckwheat Soup", "Pastry", 1, "Thick slices of French toast bread, brown sugar, h", 64, 38, 3, "Water", 22, 10, 29, 0 ,"American", "https://dummyimage.com/1706x1081", "Tend by information land season."),
    ("Gnocci and white beans", "Regular", 4, "28-day aged 300g USDA Certified Prime Ribeye, rose", 53, 65, 2, "Capers", 27, 14, 42, 0 ,"Cajun", "https://dummyimage.com/1437x1558", "Our deal ball impact foot."),
    ("Fettuccine Alfredo", "Pastry", 3, "Fresh parsley, Italian sausage, shallots, garlic, ", 67, 83, 4, "Nutmeg", 30, 39, 17, 0 ,"Egyptian", "https://dummyimage.com/1141x1403", "Mean trial energy so only likely."),
    ("Falafel Wrap", "Regular", 5, "Breaded fried chicken with waffles, and a side of ", 49, 34, 3, "Celery", 25, 10, 41, 0 ,"Anglo-Indian", "https://dummyimage.com/1984x1398", "Seven medical information young process."),
    ("Chicken Parmesan", "Regular", 3, "Thick slices of French toast bread, brown sugar, h", 47, 63, 4, "Jasmine rice", 10, 45, 15, 0 ,"Vietnamese", "https://dummyimage.com/1653x1232", "Tend purpose food section pass."),
    ("BBQ Chicken Pizza", "Regular", 1, "Thick slices of French toast bread, brown sugar, h", 69, 33, 2, "Turmeric", 16, 27, 15, 0 ,"Filipino", "https://dummyimage.com/1061x1092", "Knowledge impact run break draw."),
    ("Cauliflower Steak", "Pastry", 2, "Three egg whites with spinach, mushrooms, carameli", 61, 46, 2, "Corn Tortilla", 25, 39, 27, 0 ,"Estonian", "https://dummyimage.com/1380x1265", "Cost however turn tax address hospital."),
    ("Grilled Chicken Salad", "Regular", 5, "Thick slices of French toast bread, brown sugar, h", 25, 67, 4, "Parrotfish", 14, 18, 12, 0 ,"Brazilian", "https://dummyimage.com/1897x1014", "Baby computer subject much indeed manager."),
    ("New Potato Lentil Salad", "Regular", 4, "Smoked salmon, poached eggs, diced red onions and ", 42, 51, 4, "Mackerel", 21, 10, 39, 0 ,"Pennsylvania Dutch", "https://dummyimage.com/1802x1985", "Pick couple including these it standard together."),
    ("Buttery Herb Chicken", "Regular", 4, "Three egg omelet with Roquefort cheese, chives, an", 64, 71, 4, "Spelt", 5, 29, 29, 0 ,"Filipino", "https://dummyimage.com/1474x1597", "Capital begin step painting."),
    ("Chicken Fajitas", "Regular", 5, "Fresh Norwegian salmon, lightly brushed with our h", 38, 73, 2, "Nutmeg", 22, 43, 35, 0 ,"Cantonese", "https://dummyimage.com/1291x1283", "Score service study manage method."),
    ("Hearty Pancakes", "Regular", 3, "Fresh Norwegian salmon, lightly brushed with our h", 36, 31, 1, "Albacore Tuna", 18, 18, 26, 0 ,"Karnataka", "https://dummyimage.com/1011x1472", "Ball reflect leader bill."),
    ("Black Bean Soup", "Regular", 2, "Fresh parsley, Italian sausage, shallots, garlic, ", 50, 74, 3, "Galangal", 18, 50, 39, 0 ,"Eritrean", "https://dummyimage.com/1405x1907", "Would land cut."),
    ("Lamb Gyros", "Regular", 1, "Two buttermilk waffles, topped with whipped cream ", 61, 74, 2, "Water", 26, 12, 32, 0 ,"Odia", "https://dummyimage.com/1368x1193", "Class performance model some company blue usually."),
    ("Balsamic Potatoes and Asparagus", "Regular", 5, "Three eggs with cilantro, tomatoes, onions, avocad", 31, 46, 4, "Sprouts", 27, 49, 40, 0 ,"Eritrean", "https://dummyimage.com/1099x1285", "Step cause too play baby success."),
    ("Black Bean Burgers", "Pastry", 2, "Three egg whites with spinach, mushrooms, carameli", 26, 86, 2, "Corn Tortilla", 29, 43, 27, 0 ,"Ainu", "https://dummyimage.com/1585x1028", "Medical couple performance TV."),
    ("Turkey Club Sandwich", "Pastry", 3, "Two buttermilk waffles, topped with whipped cream ", 36, 47, 2, "Sesame seed", 13, 48, 45, 0 ,"Zambian", "https://dummyimage.com/1022x1400", "Husband there through throw where serve carry name."),
    ("Rice noodles with meatballs and bok choy", "Pastry", 2, "Breaded fried chicken with waffles. Served with ma", 64, 58, 3, "Tinned", 15, 27, 34, 0 ,"Cantonese", "https://dummyimage.com/1034x1694", "Feeling year simply watch plant drive."),
    ("Turkey Soup with Homemade Noodles", "Regular", 5, "Three egg whites with spinach, mushrooms, carameli", 65, 45, 1, "Sprouts", 16, 26, 38, 0 ,"Polish", "https://dummyimage.com/1613x1364", "Method hair prevent gun."),
    ("Moussaka", "Regular", 5, "Three eggs with cilantro, tomatoes, onions, avocad", 45, 76, 3, "Galangal", 26, 16, 43, 0 ,"Andhra", "https://dummyimage.com/1936x1249", "Director according type agent."),
    ("Greek Yogurt and Honey Blueberry Muffins", "Pastry", 2, "Smile trip field consumer create result.", 60, 85, 3, "UnbleachedFlour", 23, 28, 25, 0 ,"Circassian", "https://dummyimage.com/1702x1282", "Win although decision spring."),
    ("Qahaq Cookies", "Regular", 5, "Add military financial ok someone information perf", 21, 82, 1, "Polenta", 29, 11, 39, 0 ,"Serbian", "https://dummyimage.com/1058x1901", "Course family resource smile test stock join."),
    ("Sweet Korean Lentils", "Regular", 3, "Performance happen chance deep tree small me recen", 25, 92, 3, "Green Tea", 14, 23, 32, 0 ,"Chinese cuisine", "https://dummyimage.com/1772x1248", "Most same American strategy."),
    ("Spanish Chickpeas", "Regular", 4, "Call behavior theory school out.", 62, 46, 2, "Cacao", 21, 34, 35, 0 ,"Malaysian Chinese cuisine", "https://dummyimage.com/1634x1784", "Spring pretty sit south group quickly consider."),
    ("Beef Stroganoff", "Pastry", 4, "Win let now citizen focus you fear.", 59, 61, 4, "Spearmint", 30, 31, 17, 0 ,"Indonesian", "https://dummyimage.com/1065x1328", "Different cup ever."),
    ("Salmon Teriyaki", "Pastry", 1, "His market bad unit heavy move child.", 25, 84, 3, "Polenta", 13, 18, 17, 0 ,"New Mexican", "https://dummyimage.com/1818x1340", "Lay catch dog win however."),
    ("Salmon nigiri", "Regular", 5, "Series laugh soon position major read.", 45, 76, 2, "Grapes", 23, 30, 13, 0 ,"Cajun", "https://dummyimage.com/1710x1594", "Suddenly human pass report here professor south."),
    ("Vegetable Noodle Soup", "Regular", 2, "Base best yes health what push shoulder six.", 31, 32, 4, "Sprouts", 9, 48, 12, 0 ,"Punjabi", "https://dummyimage.com/1956x1092", "Build quite thought kind property."),
    ("Beef Tacos", "Regular", 2, "Maybe but message thing process.", 55, 91, 1, "Sesame seed", 23, 21, 31, 0 ,"Georgian", "https://dummyimage.com/1824x1321", "Detail cultural fight task research while."),
    ("Thai Peanut Noodles", "Pastry", 5, "Develop form behavior pull look include eat.", 47, 78, 4, "Nutmeg", 15, 48, 25, 0 ,"Slovak", "https://dummyimage.com/1734x1622", "Have sing hit boy game somebody sit."),
    ("Grilled Shrimp", "Regular", 3, "Crime behind build wide start.", 64, 88, 1, "Choy Sum", 23, 40, 37, 0 ,"Laotian", "https://dummyimage.com/1667x1301", "Mention energy television level."),
    ("Beef Wellington", "Regular", 5, "Including theory story build.", 68, 71, 4, "Albacore Tuna", 25, 48, 10, 0 ,"Parsi", "https://dummyimage.com/1232x1433", "Smile because child impact never vote someone."),
    ("Shrimp Scampi", "Regular", 2, "Theory central career discussion.", 22, 88, 4, "Sake", 26, 49, 14, 0 ,"Laotian", "https://dummyimage.com/1822x1909", "Lay huge challenge international."),
    ("Vegetable Stir Fry", "Regular", 2, "Apply chair vote small.", 62, 39, 3, "Jasmine rice", 26, 24, 29, 0 ,"Egyptian", "https://dummyimage.com/1769x1597", "Clear himself send bed contain form soon."),
    ("Minestrone Soup", "Regular", 1, "Large film join help.", 53, 58, 4, "Vegetable Stock", 23, 17, 40, 0 ,"Inuit", "https://dummyimage.com/1547x1505", "Social money agree into effect difference source."),
    ("Meatballs with sauce", "Pastry", 4, "Article clear town.", 33, 51, 2, "Mackerel", 11, 27, 23, 0 ,"Bashkir", "https://dummyimage.com/1920x1471", "Everyone fear food prepare former skin might."),
    ("Soy Mustard Salmon", "Regular", 2, "Long beat cut fact.", 54, 44, 4, "Avocado Oil", 22, 13, 12, 0 ,"Buddhist", "https://dummyimage.com/1887x1523", "Face sell according son director happy."),
    ("Spinach and Artichoke Dip", "Regular", 5, "Unit put chance section.", 38, 99, 1, "Kohlrabi", 13, 50, 45, 0 ,"Indonesian", "https://dummyimage.com/1874x1467", "Month drug concern three."),
    ("Pizza", "Pastry", 1, "Wide but simply.", 49, 72, 2, "Spearmint", 25, 42, 30, 0 ,"British", "https://dummyimage.com/1212x1564", "Certainly modern sign page."),
    ("Quinoa Brussels Sweet Potato Salad", "Pastry", 3, "Really federal order describe send.", 63, 94, 2, "Fromage Blanc", 12, 20, 45, 0 ,"Sami", "https://dummyimage.com/1959x1342", "Vote ok lose woman history single wall.");


INSERT INTO needs_ingredient
VALUES
    ("Water", "Healthy Buckwheat Soup", 299),
    ("Sun dried tomatoes", "Healthy Buckwheat Soup", 195),
    ("SoyFlour", "Healthy Buckwheat Soup", 350),
    ("Barramundi", "Healthy Buckwheat Soup", 361),
    ("Corn Tortilla", "Healthy Buckwheat Soup", 120),
    ("Dates", "Healthy Buckwheat Soup", 55),
    ("Fish Stock", "Healthy Buckwheat Soup", 338),
    ("FlourPotato", "Healthy Buckwheat Soup", 239),
    ("Ricemilk", "Healthy Buckwheat Soup", 145),
    ("Bean Sprouts", "Healthy Buckwheat Soup", 278),
    ("Capers", "Healthy Buckwheat Soup", 396),
    ("Sesame seed", "Healthy Buckwheat Soup", 218),
    ("Sprouts", "Healthy Buckwheat Soup", 38),
    ("Octopus", "Healthy Buckwheat Soup", 321),
    ("SwedeSweet Chilli Sauce", "Healthy Buckwheat Soup", 255),
    ("Capers", "Gnocci and white beans", 171),
    ("Octopus", "Gnocci and white beans", 202),
    ("Celery Seed", "Gnocci and white beans", 391),
    ("Okra", "Gnocci and white beans", 60),
    ("Corn Tortilla", "Gnocci and white beans", 372),
    ("Nutmeg", "Fettuccine Alfredo", 214),
    ("Wholemeal", "Fettuccine Alfredo", 68),
    ("Fish Stock", "Fettuccine Alfredo", 47),
    ("Celery Seed", "Fettuccine Alfredo", 267),
    ("Kohlrabi", "Fettuccine Alfredo", 335),
    ("Tinned", "Fettuccine Alfredo", 85),
    ("Fromage Blanc", "Fettuccine Alfredo", 52),
    ("SwedeSweet Chilli Sauce", "Fettuccine Alfredo", 188),
    ("Celery", "Falafel Wrap", 90),
    ("Jasmine rice", "Falafel Wrap", 82),
    ("Parrotfish", "Falafel Wrap", 306),
    ("Tinned", "Falafel Wrap", 131),
    ("Capers", "Falafel Wrap", 116),
    ("Spelt", "Falafel Wrap", 103),
    ("SoyFlour", "Falafel Wrap", 265),
    ("Sun dried tomatoes", "Falafel Wrap", 332),
    ("Artichoke", "Falafel Wrap", 184),
    ("UnbleachedFlour", "Falafel Wrap", 205),
    ("French eschallots", "Falafel Wrap", 206),
    ("Choy Sum", "Falafel Wrap", 327),
    ("Jasmine rice", "Chicken Parmesan", 144),
    ("UnbleachedFlour", "Chicken Parmesan", 318),
    ("Choy Sum", "Chicken Parmesan", 274),
    ("SoyFlour", "Chicken Parmesan", 207),
    ("Broccolini", "Chicken Parmesan", 239),
    ("Oysters", "Chicken Parmesan", 37),
    ("French eschallots", "Chicken Parmesan", 322),
    ("Turmeric", "BBQ Chicken Pizza", 273),
    ("Figs", "BBQ Chicken Pizza", 206),
    ("Malt vinegar", "BBQ Chicken Pizza", 80),
    ("Potatoes", "BBQ Chicken Pizza", 379),
    ("Jasmine rice", "BBQ Chicken Pizza", 219),
    ("Coconut", "BBQ Chicken Pizza", 249),
    ("Harissa", "BBQ Chicken Pizza", 333),
    ("Ricemilk", "BBQ Chicken Pizza", 193),
    ("Parrotfish", "BBQ Chicken Pizza", 227),
    ("Sake", "BBQ Chicken Pizza", 124),
    ("English Spinach", "BBQ Chicken Pizza", 284),
    ("Broccolini", "BBQ Chicken Pizza", 239),
    ("Fenugreek", "BBQ Chicken Pizza", 385),
    ("Corn Tortilla", "Cauliflower Steak", 286),
    ("Nutmeg", "Cauliflower Steak", 139),
    ("Broccolini", "Cauliflower Steak", 352),
    ("Baking Soda", "Cauliflower Steak", 282),
    ("Arborio rice", "Cauliflower Steak", 371),
    ("Fish Stock", "Cauliflower Steak", 398),
    ("Water", "Cauliflower Steak", 310),
    ("Malt vinegar", "Cauliflower Steak", 51),
    ("Spearmint", "Cauliflower Steak", 164),
    ("Dates", "Cauliflower Steak", 358),
    ("Figs", "Cauliflower Steak", 149),
    ("Rice Noodles", "Cauliflower Steak", 373),
    ("Grapes", "Cauliflower Steak", 237),
    ("Vegetable Stock", "Cauliflower Steak", 56),
    ("Coconut", "Cauliflower Steak", 387),
    ("Parrotfish", "Grilled Chicken Salad", 55),
    ("Tom Yum", "Grilled Chicken Salad", 107),
    ("Oysters", "Grilled Chicken Salad", 38),
    ("Grapes", "Grilled Chicken Salad", 398),
    ("Corella Pear", "Grilled Chicken Salad", 68),
    ("Sprouts", "Grilled Chicken Salad", 177),
    ("MilkChocolate", "Grilled Chicken Salad", 375),
    ("Spelt", "Grilled Chicken Salad", 301),
    ("Arborio rice", "Grilled Chicken Salad", 309),
    ("Malt vinegar", "Grilled Chicken Salad", 100),
    ("Mackerel", "New Potato Lentil Salad", 54),
    ("FlourPotato", "New Potato Lentil Salad", 185),
    ("Malt vinegar", "New Potato Lentil Salad", 40),
    ("Barramundi", "New Potato Lentil Salad", 56),
    ("Honey", "New Potato Lentil Salad", 118),
    ("Green Tea", "New Potato Lentil Salad", 354),
    ("Choy Sum", "New Potato Lentil Salad", 163),
    ("Spelt", "Buttery Herb Chicken", 383),
    ("Spearmint", "Buttery Herb Chicken", 133),
    ("Wholemeal", "Buttery Herb Chicken", 330),
    ("Kohlrabi", "Buttery Herb Chicken", 233),
    ("Sprouts", "Buttery Herb Chicken", 152),
    ("Fromage Blanc", "Buttery Herb Chicken", 197),
    ("Celery Seed", "Buttery Herb Chicken", 336),
    ("FlourPotato", "Buttery Herb Chicken", 250),
    ("Harissa", "Buttery Herb Chicken", 89),
    ("Mackerel", "Buttery Herb Chicken", 150),
    ("Nutmeg", "Chicken Fajitas", 347),
    ("Coconut", "Chicken Fajitas", 271),
    ("Spearmint", "Chicken Fajitas", 122),
    ("Albacore Tuna", "Chicken Fajitas", 215),
    ("FlourPotato", "Chicken Fajitas", 375),
    ("Choy Sum", "Chicken Fajitas", 239),
    ("Fenugreek", "Chicken Fajitas", 383),
    ("Ricemilk", "Chicken Fajitas", 273),
    ("Mung Beans", "Chicken Fajitas", 158),
    ("Broccolini", "Chicken Fajitas", 90),
    ("Honey", "Chicken Fajitas", 203),
    ("Green Tea", "Chicken Fajitas", 102),
    ("Artichoke", "Chicken Fajitas", 269),
    ("Corn Tortilla", "Chicken Fajitas", 109),
    ("Albacore Tuna", "Hearty Pancakes", 232),
    ("Fish Stock", "Hearty Pancakes", 288),
    ("Celery", "Hearty Pancakes", 320),
    ("Corn Tortilla", "Hearty Pancakes", 388),
    ("Parrotfish", "Hearty Pancakes", 191),
    ("Figs", "Hearty Pancakes", 148),
    ("Ricemilk", "Hearty Pancakes", 154),
    ("Harissa", "Hearty Pancakes", 217),
    ("Green Tea", "Hearty Pancakes", 133),
    ("Rice Noodles", "Hearty Pancakes", 207),
    ("Choy Sum", "Hearty Pancakes", 385),
    ("Okra", "Hearty Pancakes", 343),
    ("Turmeric", "Hearty Pancakes", 131),
    ("Galangal", "Black Bean Soup", 81),
    ("Baking Soda", "Black Bean Soup", 379),
    ("Sprouts", "Black Bean Soup", 274),
    ("Sake", "Black Bean Soup", 50),
    ("Fromage Blanc", "Black Bean Soup", 251),
    ("Spelt", "Black Bean Soup", 170),
    ("Mung Beans", "Black Bean Soup", 72),
    ("Water", "Lamb Gyros", 157),
    ("Polenta", "Lamb Gyros", 31),
    ("Spearmint", "Lamb Gyros", 30),
    ("Fenugreek", "Lamb Gyros", 173),
    ("Mung Beans", "Lamb Gyros", 388),
    ("Vegetable Stock", "Lamb Gyros", 376),
    ("Celery", "Lamb Gyros", 262),
    ("Choy Sum", "Lamb Gyros", 382),
    ("Octopus", "Lamb Gyros", 68),
    ("Cacao", "Lamb Gyros", 67),
    ("Ricemilk", "Lamb Gyros", 57),
    ("Coconut", "Lamb Gyros", 222),
    ("Potatoes", "Lamb Gyros", 395),
    ("Sprouts", "Lamb Gyros", 210),
    ("Malt vinegar", "Lamb Gyros", 384),
    ("Sesame seed", "Lamb Gyros", 370),
    ("Sprouts", "Balsamic Potatoes and Asparagus", 214),
    ("Baking Soda", "Balsamic Potatoes and Asparagus", 357),
    ("Coconut", "Balsamic Potatoes and Asparagus", 199),
    ("Kohlrabi", "Balsamic Potatoes and Asparagus", 325),
    ("Artichoke", "Balsamic Potatoes and Asparagus", 123),
    ("Mackerel", "Balsamic Potatoes and Asparagus", 66),
    ("French eschallots", "Balsamic Potatoes and Asparagus", 366),
    ("Polenta", "Balsamic Potatoes and Asparagus", 303),
    ("Avocado Oil", "Balsamic Potatoes and Asparagus", 248),
    ("Galangal", "Balsamic Potatoes and Asparagus", 111),
    ("Okra", "Balsamic Potatoes and Asparagus", 286),
    ("Sesame seed", "Balsamic Potatoes and Asparagus", 346),
    ("Parrotfish", "Balsamic Potatoes and Asparagus", 249),
    ("Corn Tortilla", "Black Bean Burgers", 103),
    ("Chicken Stock", "Black Bean Burgers", 284),
    ("Rice Noodles", "Black Bean Burgers", 161),
    ("Celery", "Black Bean Burgers", 95),
    ("Celery Seed", "Black Bean Burgers", 203),
    ("Spelt", "Black Bean Burgers", 161),
    ("Tom Yum", "Black Bean Burgers", 72),
    ("SwedeSweet Chilli Sauce", "Black Bean Burgers", 136),
    ("Cacao", "Black Bean Burgers", 48),
    ("French eschallots", "Black Bean Burgers", 289),
    ("Artichoke", "Black Bean Burgers", 153),
    ("Sesame seed", "Turkey Club Sandwich", 337),
    ("Figs", "Turkey Club Sandwich", 262),
    ("Grapes", "Turkey Club Sandwich", 286),
    ("Barramundi", "Turkey Club Sandwich", 322),
    ("Okra", "Turkey Club Sandwich", 390),
    ("Galangal", "Turkey Club Sandwich", 215),
    ("Capers", "Turkey Club Sandwich", 34),
    ("Tinned", "Rice noodles with meatballs and bok choy", 85),
    ("Grapes", "Rice noodles with meatballs and bok choy", 147),
    ("Coconut", "Rice noodles with meatballs and bok choy", 44),
    ("UnbleachedFlour", "Rice noodles with meatballs and bok choy", 324),
    ("Nutmeg", "Rice noodles with meatballs and bok choy", 49),
    ("Celery", "Rice noodles with meatballs and bok choy", 121),
    ("Water", "Rice noodles with meatballs and bok choy", 64),
    ("Green Tea", "Rice noodles with meatballs and bok choy", 386),
    ("Sprouts", "Turkey Soup with Homemade Noodles", 39),
    ("Bean Sprouts", "Turkey Soup with Homemade Noodles", 44),
    ("Tinned", "Turkey Soup with Homemade Noodles", 261),
    ("Mung Beans", "Turkey Soup with Homemade Noodles", 313),
    ("UnbleachedFlour", "Turkey Soup with Homemade Noodles", 203),
    ("MilkChocolate", "Turkey Soup with Homemade Noodles", 346),
    ("Galangal", "Turkey Soup with Homemade Noodles", 127),
    ("SwedeSweet Chilli Sauce", "Turkey Soup with Homemade Noodles", 110),
    ("Sun dried tomatoes", "Turkey Soup with Homemade Noodles", 309),
    ("Corn Tortilla", "Turkey Soup with Homemade Noodles", 356),
    ("Harissa", "Turkey Soup with Homemade Noodles", 362),
    ("Spelt", "Turkey Soup with Homemade Noodles", 277),
    ("Parrotfish", "Turkey Soup with Homemade Noodles", 334),
    ("Galangal", "Moussaka", 350),
    ("Ricemilk", "Moussaka", 75),
    ("SwedeSweet Chilli Sauce", "Moussaka", 308),
    ("Albacore Tuna", "Moussaka", 94),
    ("Corella Pear", "Moussaka", 178),
    ("Barramundi", "Moussaka", 360),
    ("SoyFlour", "Moussaka", 75),
    ("FlourPotato", "Moussaka", 389),
    ("Artichoke", "Moussaka", 117),
    ("Chicken Stock", "Moussaka", 158),
    ("Sprouts", "Moussaka", 373),
    ("Capers", "Moussaka", 132),
    ("Potatoes", "Moussaka", 173),
    ("UnbleachedFlour", "Greek Yogurt and Honey Blueberry Muffins", 191),
    ("Honey", "Greek Yogurt and Honey Blueberry Muffins", 220),
    ("Barramundi", "Greek Yogurt and Honey Blueberry Muffins", 94),
    ("Ricemilk", "Greek Yogurt and Honey Blueberry Muffins", 64),
    ("French eschallots", "Greek Yogurt and Honey Blueberry Muffins", 92),
    ("Albacore Tuna", "Greek Yogurt and Honey Blueberry Muffins", 212),
    ("Capers", "Greek Yogurt and Honey Blueberry Muffins", 335),
    ("Okra", "Greek Yogurt and Honey Blueberry Muffins", 334),
    ("SoyFlour", "Greek Yogurt and Honey Blueberry Muffins", 387),
    ("Water", "Greek Yogurt and Honey Blueberry Muffins", 343),
    ("Sprouts", "Greek Yogurt and Honey Blueberry Muffins", 267),
    ("Polenta", "Qahaq Cookies", 154),
    ("FlourPotato", "Qahaq Cookies", 112),
    ("Capers", "Qahaq Cookies", 113),
    ("Jasmine rice", "Qahaq Cookies", 151),
    ("Kohlrabi", "Qahaq Cookies", 64),
    ("Fenugreek", "Qahaq Cookies", 328),
    ("SoyFlour", "Qahaq Cookies", 77),
    ("Spelt", "Qahaq Cookies", 341),
    ("Green Tea", "Sweet Korean Lentils", 297),
    ("Cacao", "Sweet Korean Lentils", 63),
    ("Albacore Tuna", "Sweet Korean Lentils", 163),
    ("Celery Seed", "Sweet Korean Lentils", 45),
    ("Sesame seed", "Sweet Korean Lentils", 174),
    ("Chicken Stock", "Sweet Korean Lentils", 126),
    ("Parrotfish", "Sweet Korean Lentils", 155),
    ("Water", "Sweet Korean Lentils", 208),
    ("Polenta", "Sweet Korean Lentils", 117),
    ("Honey", "Sweet Korean Lentils", 299),
    ("Coconut", "Sweet Korean Lentils", 281),
    ("Sprouts", "Sweet Korean Lentils", 304),
    ("Cacao", "Spanish Chickpeas", 231),
    ("Galangal", "Spanish Chickpeas", 378),
    ("Parrotfish", "Spanish Chickpeas", 176),
    ("Sesame seed", "Spanish Chickpeas", 146),
    ("Artichoke", "Spanish Chickpeas", 262),
    ("Capers", "Spanish Chickpeas", 241),
    ("UnbleachedFlour", "Spanish Chickpeas", 121),
    ("Harissa", "Spanish Chickpeas", 174),
    ("Spearmint", "Beef Stroganoff", 248),
    ("Grapes", "Beef Stroganoff", 244),
    ("Ricemilk", "Beef Stroganoff", 160),
    ("Dates", "Beef Stroganoff", 40),
    ("Figs", "Beef Stroganoff", 46),
    ("Sake", "Beef Stroganoff", 59),
    ("Potatoes", "Beef Stroganoff", 131),
    ("Artichoke", "Beef Stroganoff", 361),
    ("Mackerel", "Beef Stroganoff", 262),
    ("Broccolini", "Beef Stroganoff", 274),
    ("Turmeric", "Beef Stroganoff", 392),
    ("English Spinach", "Beef Stroganoff", 214),
    ("Sun dried tomatoes", "Beef Stroganoff", 326),
    ("Polenta", "Salmon Teriyaki", 117),
    ("Vegetable Stock", "Salmon Teriyaki", 399),
    ("Coconut", "Salmon Teriyaki", 224),
    ("Corn Tortilla", "Salmon Teriyaki", 248),
    ("Kohlrabi", "Salmon Teriyaki", 373),
    ("Arborio rice", "Salmon Teriyaki", 227),
    ("Dates", "Salmon Teriyaki", 60),
    ("Galangal", "Salmon Teriyaki", 100),
    ("Figs", "Salmon Teriyaki", 383),
    ("MilkChocolate", "Salmon Teriyaki", 85),
    ("Tinned", "Salmon Teriyaki", 261),
    ("Choy Sum", "Salmon Teriyaki", 83),
    ("Wholemeal", "Salmon Teriyaki", 108),
    ("Nutmeg", "Salmon Teriyaki", 224),
    ("UnbleachedFlour", "Salmon Teriyaki", 314),
    ("Grapes", "Salmon nigiri", 353),
    ("Albacore Tuna", "Salmon nigiri", 311),
    ("Polenta", "Salmon nigiri", 347),
    ("Jasmine rice", "Salmon nigiri", 160),
    ("Baking Soda", "Salmon nigiri", 119),
    ("Celery Seed", "Salmon nigiri", 273),
    ("Sprouts", "Vegetable Noodle Soup", 80),
    ("Coconut", "Vegetable Noodle Soup", 283),
    ("Baking Soda", "Vegetable Noodle Soup", 271),
    ("Spearmint", "Vegetable Noodle Soup", 167),
    ("UnbleachedFlour", "Vegetable Noodle Soup", 389),
    ("Octopus", "Vegetable Noodle Soup", 351),
    ("Mackerel", "Vegetable Noodle Soup", 192),
    ("Parrotfish", "Vegetable Noodle Soup", 126),
    ("Ricemilk", "Vegetable Noodle Soup", 102),
    ("Celery Seed", "Vegetable Noodle Soup", 365),
    ("Malt vinegar", "Vegetable Noodle Soup", 248),
    ("Cacao", "Vegetable Noodle Soup", 297),
    ("Sesame seed", "Beef Tacos", 339),
    ("Grapes", "Beef Tacos", 84),
    ("Tinned", "Beef Tacos", 302),
    ("Bean Sprouts", "Beef Tacos", 293),
    ("Turmeric", "Beef Tacos", 118),
    ("Jasmine rice", "Beef Tacos", 360),
    ("FlourPotato", "Beef Tacos", 331),
    ("Albacore Tuna", "Beef Tacos", 101),
    ("Kohlrabi", "Beef Tacos", 379),
    ("Nutmeg", "Thai Peanut Noodles", 377),
    ("Dates", "Thai Peanut Noodles", 145),
    ("Malt vinegar", "Thai Peanut Noodles", 364),
    ("Parrotfish", "Thai Peanut Noodles", 72),
    ("Corella Pear", "Thai Peanut Noodles", 318),
    ("Sake", "Thai Peanut Noodles", 320),
    ("Okra", "Thai Peanut Noodles", 369),
    ("Arborio rice", "Thai Peanut Noodles", 204),
    ("Fish Stock", "Thai Peanut Noodles", 341),
    ("Grapes", "Thai Peanut Noodles", 252),
    ("Mackerel", "Thai Peanut Noodles", 295),
    ("Spelt", "Thai Peanut Noodles", 122),
    ("Coconut", "Thai Peanut Noodles", 378),
    ("Albacore Tuna", "Thai Peanut Noodles", 313),
    ("Choy Sum", "Grilled Shrimp", 237),
    ("Arborio rice", "Grilled Shrimp", 90),
    ("Ricemilk", "Grilled Shrimp", 230),
    ("Capers", "Grilled Shrimp", 107),
    ("MilkChocolate", "Grilled Shrimp", 351),
    ("Spelt", "Grilled Shrimp", 349),
    ("Green Tea", "Grilled Shrimp", 176),
    ("Corn Tortilla", "Grilled Shrimp", 244),
    ("Barramundi", "Grilled Shrimp", 246),
    ("Fenugreek", "Grilled Shrimp", 319),
    ("Harissa", "Grilled Shrimp", 96),
    ("Dates", "Grilled Shrimp", 316),
    ("Sun dried tomatoes", "Grilled Shrimp", 345),
    ("Spearmint", "Grilled Shrimp", 349),
    ("Sprouts", "Grilled Shrimp", 274),
    ("Albacore Tuna", "Beef Wellington", 262),
    ("Cacao", "Beef Wellington", 217),
    ("Parrotfish", "Beef Wellington", 236),
    ("Tom Yum", "Beef Wellington", 97),
    ("Spelt", "Beef Wellington", 152),
    ("Corella Pear", "Beef Wellington", 55),
    ("Celery Seed", "Beef Wellington", 198),
    ("FlourPotato", "Beef Wellington", 345),
    ("Potatoes", "Beef Wellington", 205),
    ("Avocado Oil", "Beef Wellington", 342),
    ("Capers", "Beef Wellington", 262),
    ("Sake", "Beef Wellington", 193),
    ("Mung Beans", "Beef Wellington", 198),
    ("Water", "Beef Wellington", 231),
    ("Sake", "Shrimp Scampi", 365),
    ("Fenugreek", "Shrimp Scampi", 352),
    ("Parrotfish", "Shrimp Scampi", 36),
    ("Celery", "Shrimp Scampi", 362),
    ("Potatoes", "Shrimp Scampi", 248),
    ("Figs", "Shrimp Scampi", 160),
    ("Baking Soda", "Shrimp Scampi", 223),
    ("Mackerel", "Shrimp Scampi", 252),
    ("Corn Tortilla", "Shrimp Scampi", 42),
    ("Celery Seed", "Shrimp Scampi", 212),
    ("Barramundi", "Shrimp Scampi", 136),
    ("Jasmine rice", "Vegetable Stir Fry", 335),
    ("Sprouts", "Vegetable Stir Fry", 125),
    ("MilkChocolate", "Vegetable Stir Fry", 213),
    ("Turmeric", "Vegetable Stir Fry", 185),
    ("Galangal", "Vegetable Stir Fry", 164),
    ("Fromage Blanc", "Vegetable Stir Fry", 130),
    ("Honey", "Vegetable Stir Fry", 336),
    ("Sun dried tomatoes", "Vegetable Stir Fry", 301),
    ("Choy Sum", "Vegetable Stir Fry", 229),
    ("Baking Soda", "Vegetable Stir Fry", 32),
    ("Bean Sprouts", "Vegetable Stir Fry", 114),
    ("Coconut", "Vegetable Stir Fry", 58),
    ("Tom Yum", "Vegetable Stir Fry", 360),
    ("Vegetable Stock", "Minestrone Soup", 112),
    ("Okra", "Minestrone Soup", 295),
    ("Kohlrabi", "Minestrone Soup", 379),
    ("Polenta", "Minestrone Soup", 398),
    ("Turmeric", "Minestrone Soup", 371),
    ("Mung Beans", "Minestrone Soup", 149),
    ("Sprouts", "Minestrone Soup", 351),
    ("Parrotfish", "Minestrone Soup", 84),
    ("Fenugreek", "Minestrone Soup", 324),
    ("Tom Yum", "Minestrone Soup", 263),
    ("Water", "Minestrone Soup", 296),
    ("Mackerel", "Meatballs with sauce", 325),
    ("Malt vinegar", "Meatballs with sauce", 275),
    ("Vegetable Stock", "Meatballs with sauce", 113),
    ("Capers", "Meatballs with sauce", 330),
    ("FlourPotato", "Meatballs with sauce", 103),
    ("Parrotfish", "Meatballs with sauce", 166),
    ("Coconut", "Meatballs with sauce", 264),
    ("Arborio rice", "Meatballs with sauce", 199),
    ("Barramundi", "Meatballs with sauce", 213),
    ("Avocado Oil", "Soy Mustard Salmon", 134),
    ("French eschallots", "Soy Mustard Salmon", 315),
    ("Corn Tortilla", "Soy Mustard Salmon", 212),
    ("Tinned", "Soy Mustard Salmon", 124),
    ("Artichoke", "Soy Mustard Salmon", 257),
    ("Bean Sprouts", "Soy Mustard Salmon", 161),
    ("Nutmeg", "Soy Mustard Salmon", 385),
    ("Barramundi", "Soy Mustard Salmon", 62),
    ("Parrotfish", "Soy Mustard Salmon", 321),
    ("Capers", "Soy Mustard Salmon", 345),
    ("Oysters", "Soy Mustard Salmon", 255),
    ("Octopus", "Soy Mustard Salmon", 112),
    ("Honey", "Soy Mustard Salmon", 191),
    ("Kohlrabi", "Spinach and Artichoke Dip", 386),
    ("Fromage Blanc", "Spinach and Artichoke Dip", 264),
    ("Fish Stock", "Spinach and Artichoke Dip", 158),
    ("Jasmine rice", "Spinach and Artichoke Dip", 199),
    ("Chicken Stock", "Spinach and Artichoke Dip", 69),
    ("English Spinach", "Spinach and Artichoke Dip", 170),
    ("Sesame seed", "Spinach and Artichoke Dip", 262),
    ("Grapes", "Spinach and Artichoke Dip", 324),
    ("SoyFlour", "Spinach and Artichoke Dip", 200),
    ("Avocado Oil", "Spinach and Artichoke Dip", 236),
    ("Turmeric", "Spinach and Artichoke Dip", 53),
    ("Malt vinegar", "Spinach and Artichoke Dip", 131),
    ("Spearmint", "Pizza", 237),
    ("Water", "Pizza", 62),
    ("Mackerel", "Pizza", 41),
    ("Sun dried tomatoes", "Pizza", 243),
    ("Corn Tortilla", "Pizza", 313),
    ("French eschallots", "Pizza", 59),
    ("Fromage Blanc", "Pizza", 184),
    ("Oysters", "Pizza", 127),
    ("Fromage Blanc", "Quinoa Brussels Sweet Potato Salad", 333),
    ("Malt vinegar", "Quinoa Brussels Sweet Potato Salad", 216),
    ("Turmeric", "Quinoa Brussels Sweet Potato Salad", 307),
    ("Sun dried tomatoes", "Quinoa Brussels Sweet Potato Salad", 93),
    ("Capers", "Quinoa Brussels Sweet Potato Salad", 329),
    ("Wholemeal", "Quinoa Brussels Sweet Potato Salad", 78),
    ("Mung Beans", "Quinoa Brussels Sweet Potato Salad", 300),
    ("Okra", "Quinoa Brussels Sweet Potato Salad", 283),
    ("UnbleachedFlour", "Quinoa Brussels Sweet Potato Salad", 172),
    ("Avocado Oil", "Quinoa Brussels Sweet Potato Salad", 47),
    ("Grapes", "Quinoa Brussels Sweet Potato Salad", 308),
    ("MilkChocolate", "Quinoa Brussels Sweet Potato Salad", 153),
    ("English Spinach", "Quinoa Brussels Sweet Potato Salad", 195);


INSERT INTO type_of_meal
VALUES
    ("Dinner", "Healthy Buckwheat Soup"),
    ("Elevenses", "Healthy Buckwheat Soup"),
    ("Tiffin", "Healthy Buckwheat Soup"),
    ("Breakfast", "Healthy Buckwheat Soup"),
    ("Supper", "Healthy Buckwheat Soup"),
    ("Supper", "Gnocci and white beans"),
    ("Lunch", "Gnocci and white beans"),
    ("Breakfast", "Gnocci and white beans"),
    ("Dinner", "Fettuccine Alfredo"),
    ("Elevenses", "Fettuccine Alfredo"),
    ("Breakfast", "Fettuccine Alfredo"),
    ("Supper", "Fettuccine Alfredo"),
    ("Lunch", "Falafel Wrap"),
    ("Banquet", "Falafel Wrap"),
    ("Supper", "Falafel Wrap"),
    ("Tiffin", "Falafel Wrap"),
    ("Dinner", "Falafel Wrap"),
    ("Elevenses", "Falafel Wrap"),
    ("Breakfast", "Falafel Wrap"),
    ("Dinner", "Chicken Parmesan"),
    ("Banquet", "Chicken Parmesan"),
    ("Tiffin", "Chicken Parmesan"),
    ("Supper", "Chicken Parmesan"),
    ("Lunch", "Chicken Parmesan"),
    ("Breakfast", "Chicken Parmesan"),
    ("Dinner", "BBQ Chicken Pizza"),
    ("Supper", "Cauliflower Steak"),
    ("Banquet", "Cauliflower Steak"),
    ("Supper", "Grilled Chicken Salad"),
    ("Breakfast", "Grilled Chicken Salad"),
    ("Tiffin", "Grilled Chicken Salad"),
    ("Elevenses", "New Potato Lentil Salad"),
    ("Lunch", "New Potato Lentil Salad"),
    ("Breakfast", "New Potato Lentil Salad"),
    ("Banquet", "New Potato Lentil Salad"),
    ("Tiffin", "New Potato Lentil Salad"),
    ("Elevenses", "Buttery Herb Chicken"),
    ("Dinner", "Buttery Herb Chicken"),
    ("Supper", "Buttery Herb Chicken"),
    ("Dinner", "Chicken Fajitas"),
    ("Lunch", "Hearty Pancakes"),
    ("Supper", "Hearty Pancakes"),
    ("Elevenses", "Hearty Pancakes"),
    ("Dinner", "Hearty Pancakes"),
    ("Tiffin", "Hearty Pancakes"),
    ("Dinner", "Black Bean Soup"),
    ("Breakfast", "Black Bean Soup"),
    ("Dinner", "Lamb Gyros"),
    ("Tiffin", "Lamb Gyros"),
    ("Lunch", "Lamb Gyros"),
    ("Breakfast", "Lamb Gyros"),
    ("Supper", "Lamb Gyros"),
    ("Elevenses", "Lamb Gyros"),
    ("Banquet", "Lamb Gyros"),
    ("Elevenses", "Balsamic Potatoes and Asparagus"),
    ("Breakfast", "Balsamic Potatoes and Asparagus"),
    ("Elevenses", "Black Bean Burgers"),
    ("Breakfast", "Black Bean Burgers"),
    ("Lunch", "Turkey Club Sandwich"),
    ("Tiffin", "Turkey Club Sandwich"),
    ("Lunch", "Rice noodles with meatballs and bok choy"),
    ("Supper", "Turkey Soup with Homemade Noodles"),
    ("Lunch", "Turkey Soup with Homemade Noodles"),
    ("Tiffin", "Turkey Soup with Homemade Noodles"),
    ("Elevenses", "Turkey Soup with Homemade Noodles"),
    ("Lunch", "Moussaka"),
    ("Breakfast", "Moussaka"),
    ("Banquet", "Moussaka"),
    ("Elevenses", "Moussaka"),
    ("Dinner", "Moussaka"),
    ("Supper", "Moussaka"),
    ("Supper", "Greek Yogurt and Honey Blueberry Muffins"),
    ("Lunch", "Qahaq Cookies"),
    ("Supper", "Qahaq Cookies"),
    ("Supper", "Sweet Korean Lentils"),
    ("Dinner", "Spanish Chickpeas"),
    ("Tiffin", "Spanish Chickpeas"),
    ("Lunch", "Spanish Chickpeas"),
    ("Elevenses", "Spanish Chickpeas"),
    ("Supper", "Spanish Chickpeas"),
    ("Breakfast", "Spanish Chickpeas"),
    ("Elevenses", "Beef Stroganoff"),
    ("Tiffin", "Beef Stroganoff"),
    ("Dinner", "Beef Stroganoff"),
    ("Banquet", "Salmon Teriyaki"),
    ("Supper", "Salmon Teriyaki"),
    ("Tiffin", "Salmon Teriyaki"),
    ("Breakfast", "Salmon Teriyaki"),
    ("Lunch", "Salmon Teriyaki"),
    ("Elevenses", "Salmon Teriyaki"),
    ("Dinner", "Salmon nigiri"),
    ("Lunch", "Salmon nigiri"),
    ("Tiffin", "Salmon nigiri"),
    ("Supper", "Salmon nigiri"),
    ("Dinner", "Vegetable Noodle Soup"),
    ("Tiffin", "Vegetable Noodle Soup"),
    ("Lunch", "Vegetable Noodle Soup"),
    ("Dinner", "Beef Tacos"),
    ("Supper", "Beef Tacos"),
    ("Lunch", "Beef Tacos"),
    ("Banquet", "Thai Peanut Noodles"),
    ("Supper", "Thai Peanut Noodles"),
    ("Lunch", "Grilled Shrimp"),
    ("Elevenses", "Grilled Shrimp"),
    ("Banquet", "Beef Wellington"),
    ("Dinner", "Beef Wellington"),
    ("Lunch", "Beef Wellington"),
    ("Tiffin", "Beef Wellington"),
    ("Dinner", "Shrimp Scampi"),
    ("Breakfast", "Shrimp Scampi"),
    ("Supper", "Shrimp Scampi"),
    ("Elevenses", "Shrimp Scampi"),
    ("Lunch", "Shrimp Scampi"),
    ("Dinner", "Vegetable Stir Fry"),
    ("Supper", "Vegetable Stir Fry"),
    ("Banquet", "Vegetable Stir Fry"),
    ("Breakfast", "Vegetable Stir Fry"),
    ("Elevenses", "Vegetable Stir Fry"),
    ("Tiffin", "Minestrone Soup"),
    ("Banquet", "Minestrone Soup"),
    ("Breakfast", "Minestrone Soup"),
    ("Elevenses", "Minestrone Soup"),
    ("Breakfast", "Meatballs with sauce"),
    ("Banquet", "Meatballs with sauce"),
    ("Tiffin", "Meatballs with sauce"),
    ("Elevenses", "Meatballs with sauce"),
    ("Lunch", "Meatballs with sauce"),
    ("Supper", "Meatballs with sauce"),
    ("Dinner", "Meatballs with sauce"),
    ("Breakfast", "Soy Mustard Salmon"),
    ("Banquet", "Soy Mustard Salmon"),
    ("Breakfast", "Spinach and Artichoke Dip"),
    ("Elevenses", "Spinach and Artichoke Dip"),
    ("Supper", "Spinach and Artichoke Dip"),
    ("Dinner", "Spinach and Artichoke Dip"),
    ("Tiffin", "Spinach and Artichoke Dip"),
    ("Banquet", "Pizza"),
    ("Breakfast", "Pizza"),
    ("Dinner", "Quinoa Brussels Sweet Potato Salad"),
    ("Elevenses", "Quinoa Brussels Sweet Potato Salad"),
    ("Banquet", "Quinoa Brussels Sweet Potato Salad"),
    ("Lunch", "Quinoa Brussels Sweet Potato Salad"),
    ("Breakfast", "Quinoa Brussels Sweet Potato Salad");


INSERT INTO tags
VALUES
    ("Hot Dish", "Healthy Buckwheat Soup"),
    ("Main Dish", "Healthy Buckwheat Soup"),
    ("Quick-Lunch", "Healthy Buckwheat Soup"),
    ("Dessert", "Healthy Buckwheat Soup"),
    ("Baking", "Healthy Buckwheat Soup"),
    ("Cold Dish", "Healthy Buckwheat Soup"),
    ("Dessert", "Gnocci and white beans"),
    ("Quick-Lunch", "Gnocci and white beans"),
    ("Snack", "Gnocci and white beans"),
    ("Hot Dish", "Fettuccine Alfredo"),
    ("Snack", "Fettuccine Alfredo"),
    ("Main Dish", "Fettuccine Alfredo"),
    ("Salad", "Fettuccine Alfredo"),
    ("Cold Dish", "Fettuccine Alfredo"),
    ("Baking", "Fettuccine Alfredo"),
    ("Brunch", "Fettuccine Alfredo"),
    ("Salad", "Falafel Wrap"),
    ("Hot Dish", "Falafel Wrap"),
    ("Main Dish", "Falafel Wrap"),
    ("Snack", "Falafel Wrap"),
    ("Brunch", "Chicken Parmesan"),
    ("Baking", "BBQ Chicken Pizza"),
    ("Snack", "BBQ Chicken Pizza"),
    ("Brunch", "BBQ Chicken Pizza"),
    ("Main Dish", "BBQ Chicken Pizza"),
    ("Baking", "Cauliflower Steak"),
    ("Quick-Lunch", "Cauliflower Steak"),
    ("Salad", "Cauliflower Steak"),
    ("Dessert", "Grilled Chicken Salad"),
    ("Snack", "Grilled Chicken Salad"),
    ("Cold Dish", "Grilled Chicken Salad"),
    ("Baking", "Grilled Chicken Salad"),
    ("Brunch", "Grilled Chicken Salad"),
    ("Dessert", "New Potato Lentil Salad"),
    ("Salad", "New Potato Lentil Salad"),
    ("Dessert", "Buttery Herb Chicken"),
    ("Baking", "Buttery Herb Chicken"),
    ("Hot Dish", "Buttery Herb Chicken"),
    ("Brunch", "Buttery Herb Chicken"),
    ("Salad", "Buttery Herb Chicken"),
    ("Quick-Lunch", "Buttery Herb Chicken"),
    ("Quick-Lunch", "Chicken Fajitas"),
    ("Snack", "Chicken Fajitas"),
    ("Main Dish", "Hearty Pancakes"),
    ("Dessert", "Hearty Pancakes"),
    ("Baking", "Hearty Pancakes"),
    ("Cold Dish", "Hearty Pancakes"),
    ("Quick-Lunch", "Hearty Pancakes"),
    ("Hot Dish", "Hearty Pancakes"),
    ("Cold Dish", "Black Bean Soup"),
    ("Snack", "Black Bean Soup"),
    ("Hot Dish", "Black Bean Soup"),
    ("Salad", "Black Bean Soup"),
    ("Main Dish", "Black Bean Soup"),
    ("Snack", "Lamb Gyros"),
    ("Salad", "Lamb Gyros"),
    ("Brunch", "Lamb Gyros"),
    ("Baking", "Lamb Gyros"),
    ("Dessert", "Lamb Gyros"),
    ("Quick-Lunch", "Lamb Gyros"),
    ("Cold Dish", "Balsamic Potatoes and Asparagus"),
    ("Baking", "Balsamic Potatoes and Asparagus"),
    ("Quick-Lunch", "Balsamic Potatoes and Asparagus"),
    ("Brunch", "Balsamic Potatoes and Asparagus"),
    ("Hot Dish", "Balsamic Potatoes and Asparagus"),
    ("Dessert", "Balsamic Potatoes and Asparagus"),
    ("Salad", "Balsamic Potatoes and Asparagus"),
    ("Snack", "Balsamic Potatoes and Asparagus"),
    ("Main Dish", "Balsamic Potatoes and Asparagus"),
    ("Quick-Lunch", "Black Bean Burgers"),
    ("Cold Dish", "Black Bean Burgers"),
    ("Baking", "Turkey Club Sandwich"),
    ("Dessert", "Turkey Club Sandwich"),
    ("Brunch", "Turkey Club Sandwich"),
    ("Main Dish", "Turkey Club Sandwich"),
    ("Salad", "Turkey Club Sandwich"),
    ("Hot Dish", "Turkey Club Sandwich"),
    ("Cold Dish", "Turkey Club Sandwich"),
    ("Quick-Lunch", "Turkey Club Sandwich"),
    ("Baking", "Rice noodles with meatballs and bok choy"),
    ("Main Dish", "Rice noodles with meatballs and bok choy"),
    ("Quick-Lunch", "Rice noodles with meatballs and bok choy"),
    ("Brunch", "Rice noodles with meatballs and bok choy"),
    ("Hot Dish", "Rice noodles with meatballs and bok choy"),
    ("Dessert", "Rice noodles with meatballs and bok choy"),
    ("Snack", "Rice noodles with meatballs and bok choy"),
    ("Cold Dish", "Rice noodles with meatballs and bok choy"),
    ("Salad", "Rice noodles with meatballs and bok choy"),
    ("Snack", "Turkey Soup with Homemade Noodles"),
    ("Brunch", "Turkey Soup with Homemade Noodles"),
    ("Main Dish", "Turkey Soup with Homemade Noodles"),
    ("Salad", "Turkey Soup with Homemade Noodles"),
    ("Baking", "Turkey Soup with Homemade Noodles"),
    ("Dessert", "Turkey Soup with Homemade Noodles"),
    ("Quick-Lunch", "Turkey Soup with Homemade Noodles"),
    ("Hot Dish", "Turkey Soup with Homemade Noodles"),
    ("Cold Dish", "Turkey Soup with Homemade Noodles"),
    ("Snack", "Moussaka"),
    ("Salad", "Moussaka"),
    ("Quick-Lunch", "Moussaka"),
    ("Main Dish", "Moussaka"),
    ("Baking", "Moussaka"),
    ("Hot Dish", "Moussaka"),
    ("Main Dish", "Greek Yogurt and Honey Blueberry Muffins"),
    ("Hot Dish", "Greek Yogurt and Honey Blueberry Muffins"),
    ("Baking", "Qahaq Cookies"),
    ("Hot Dish", "Sweet Korean Lentils"),
    ("Main Dish", "Sweet Korean Lentils"),
    ("Quick-Lunch", "Sweet Korean Lentils"),
    ("Salad", "Sweet Korean Lentils"),
    ("Baking", "Sweet Korean Lentils"),
    ("Quick-Lunch", "Spanish Chickpeas"),
    ("Baking", "Spanish Chickpeas"),
    ("Salad", "Spanish Chickpeas"),
    ("Cold Dish", "Spanish Chickpeas"),
    ("Dessert", "Spanish Chickpeas"),
    ("Brunch", "Spanish Chickpeas"),
    ("Main Dish", "Spanish Chickpeas"),
    ("Hot Dish", "Spanish Chickpeas"),
    ("Quick-Lunch", "Beef Stroganoff"),
    ("Salad", "Beef Stroganoff"),
    ("Baking", "Beef Stroganoff"),
    ("Snack", "Beef Stroganoff"),
    ("Brunch", "Salmon Teriyaki"),
    ("Dessert", "Salmon Teriyaki"),
    ("Cold Dish", "Salmon Teriyaki"),
    ("Main Dish", "Salmon Teriyaki"),
    ("Quick-Lunch", "Salmon Teriyaki"),
    ("Snack", "Salmon Teriyaki"),
    ("Snack", "Salmon nigiri"),
    ("Baking", "Salmon nigiri"),
    ("Cold Dish", "Salmon nigiri"),
    ("Brunch", "Salmon nigiri"),
    ("Hot Dish", "Salmon nigiri"),
    ("Quick-Lunch", "Salmon nigiri"),
    ("Main Dish", "Salmon nigiri"),
    ("Salad", "Salmon nigiri"),
    ("Dessert", "Salmon nigiri"),
    ("Dessert", "Vegetable Noodle Soup"),
    ("Hot Dish", "Vegetable Noodle Soup"),
    ("Main Dish", "Beef Tacos"),
    ("Baking", "Beef Tacos"),
    ("Salad", "Beef Tacos"),
    ("Quick-Lunch", "Beef Tacos"),
    ("Brunch", "Thai Peanut Noodles"),
    ("Snack", "Thai Peanut Noodles"),
    ("Cold Dish", "Grilled Shrimp"),
    ("Hot Dish", "Grilled Shrimp"),
    ("Dessert", "Grilled Shrimp"),
    ("Salad", "Grilled Shrimp"),
    ("Quick-Lunch", "Grilled Shrimp"),
    ("Hot Dish", "Beef Wellington"),
    ("Brunch", "Beef Wellington"),
    ("Quick-Lunch", "Beef Wellington"),
    ("Salad", "Beef Wellington"),
    ("Cold Dish", "Beef Wellington"),
    ("Salad", "Shrimp Scampi"),
    ("Hot Dish", "Shrimp Scampi"),
    ("Main Dish", "Shrimp Scampi"),
    ("Brunch", "Shrimp Scampi"),
    ("Dessert", "Vegetable Stir Fry"),
    ("Baking", "Vegetable Stir Fry"),
    ("Main Dish", "Vegetable Stir Fry"),
    ("Salad", "Vegetable Stir Fry"),
    ("Hot Dish", "Minestrone Soup"),
    ("Snack", "Meatballs with sauce"),
    ("Main Dish", "Soy Mustard Salmon"),
    ("Salad", "Soy Mustard Salmon"),
    ("Dessert", "Soy Mustard Salmon"),
    ("Brunch", "Soy Mustard Salmon"),
    ("Snack", "Soy Mustard Salmon"),
    ("Cold Dish", "Soy Mustard Salmon"),
    ("Main Dish", "Spinach and Artichoke Dip"),
    ("Quick-Lunch", "Spinach and Artichoke Dip"),
    ("Brunch", "Spinach and Artichoke Dip"),
    ("Quick-Lunch", "Pizza"),
    ("Dessert", "Pizza"),
    ("Dessert", "Quinoa Brussels Sweet Potato Salad"),
    ("Baking", "Quinoa Brussels Sweet Potato Salad"),
    ("Quick-Lunch", "Quinoa Brussels Sweet Potato Salad"),
    ("Salad", "Quinoa Brussels Sweet Potato Salad"),
    ("Snack", "Quinoa Brussels Sweet Potato Salad"),
    ("Brunch", "Quinoa Brussels Sweet Potato Salad"),
    ("Main Dish", "Quinoa Brussels Sweet Potato Salad"),
    ("Hot Dish", "Quinoa Brussels Sweet Potato Salad"),
    ("Cold Dish", "Quinoa Brussels Sweet Potato Salad");


INSERT INTO tips
VALUES
    ("Chicken Parmesan", "Don't forget to make Naan dough ahead of time"),
    ("BBQ Chicken Pizza", "Can use enamel pot instead of skillet"),
    ("BBQ Chicken Pizza", "Use more buckwheat"),
    ("Cauliflower Steak", "Don't fry too long"),
    ("Grilled Chicken Salad", "Don't cook bacon too long"),
    ("Grilled Chicken Salad", "Potatoes for 25 min then aspargus for 15 min"),
    ("Buttery Herb Chicken", "Use more buckwheat"),
    ("Chicken Fajitas", "Use half whole wheat flour"),
    ("Chicken Fajitas", "Whisk on stove until thick"),
    ("Chicken Fajitas", "Combined two rexpies, use 1 c lentils, 3 sweet potatoes and add more celery and spinach."),
    ("Hearty Pancakes", "Use half whole wheat flour"),
    ("Black Bean Soup", "Make some rice to go with it"),
    ("Black Bean Soup", "Use half whole wheat flour"),
    ("Lamb Gyros", "Combined two rexpies, use 1 c lentils, 3 sweet potatoes and add more celery and spinach."),
    ("Lamb Gyros", "Bake at 180 for 25 min with lid and 15 min without"),
    ("Balsamic Potatoes and Asparagus", "Whisk on stove until thick"),
    ("Black Bean Burgers", "Doesn't use the stove!  Sear chicken skin longer (+5 minutes)"),
    ("Black Bean Burgers", "Flip pretzel sticks half way through"),
    ("Turkey Club Sandwich", "Add rice in after 15 minutes and use more water"),
    ("Turkey Club Sandwich", "Use half whole wheat flour"),
    ("Rice noodles with meatballs and bok choy", "Roast for long"),
    ("Rice noodles with meatballs and bok choy", "Don't fry too long"),
    ("Turkey Soup with Homemade Noodles", "Burns in an enamel pot"),
    ("Turkey Soup with Homemade Noodles", "Don't cook bacon too long"),
    ("Moussaka", "Make some rice to go with it"),
    ("Greek Yogurt and Honey Blueberry Muffins", "Use less tomato, more cream"),
    ("Sweet Korean Lentils", "Make some rice to go with it"),
    ("Sweet Korean Lentils", "Would be better with chicken breast, not legs"),
    ("Sweet Korean Lentils", "Potatoes for 25 min then aspargus for 15 min"),
    ("Spanish Chickpeas", "Can use enamel pot instead of skillet"),
    ("Spanish Chickpeas", "Don't forget to make Naan dough ahead of time"),
    ("Spanish Chickpeas", "Use half whole wheat flour"),
    ("Beef Stroganoff", "Can throw in carrots as well"),
    ("Beef Stroganoff", "Make some rice to go with it"),
    ("Beef Stroganoff", "Also use 1/4 tsp each paprika and cumin in dressing."),
    ("Salmon Teriyaki", "Potatoes for 25 min then aspargus for 15 min"),
    ("Salmon nigiri", "Use less tomato, more cream"),
    ("Salmon nigiri", "Use half whole wheat flour"),
    ("Vegetable Noodle Soup", "Burns in an enamel pot"),
    ("Vegetable Noodle Soup", "Use more buckwheat"),
    ("Vegetable Noodle Soup", "Make dough long before"),
    ("Thai Peanut Noodles", "Use more buckwheat"),
    ("Thai Peanut Noodles", "Also use 1/4 tsp each paprika and cumin in dressing."),
    ("Thai Peanut Noodles", "Bake at 180 for 25 min with lid and 15 min without"),
    ("Grilled Shrimp", "Don't forget to make Naan dough ahead of time"),
    ("Beef Wellington", "Bake at 180 for 25 min with lid and 15 min without"),
    ("Beef Wellington", "Don't fry too long"),
    ("Beef Wellington", "Hard to get them toasty"),
    ("Shrimp Scampi", "Also use 1/4 tsp each paprika and cumin in dressing."),
    ("Shrimp Scampi", "Make dough long before"),
    ("Vegetable Stir Fry", "Don't forget to make Naan dough ahead of time"),
    ("Minestrone Soup", "Hard to get them toasty"),
    ("Minestrone Soup", "Use more buckwheat"),
    ("Soy Mustard Salmon", "Potatoes for 25 min then aspargus for 15 min"),
    ("Soy Mustard Salmon", "Add bacon"),
    ("Soy Mustard Salmon", "Don't cook bacon too long"),
    ("Spinach and Artichoke Dip", "Use less spices to allow mango and feta flavors more room"),
    ("Spinach and Artichoke Dip", "Potatoes for 25 min then aspargus for 15 min"),
    ("Pizza", "Would be better with chicken breast, not legs"),
    ("Quinoa Brussels Sweet Potato Salad", "Doesn't use the stove!  Sear chicken skin longer (+5 minutes)");


INSERT INTO equipment
VALUES
    ("Air fryer", "Author method course soldier budget car design. Result church culture seven really high involve. Official seven card talk.", "https://dummyimage.com/1567x1404", "New decide such stop without hotel."),
    ("Bachelor griller", "Dream thought environmental exist kid. Care trouble hold good poor always these. North resource fall consider agreement.", "https://dummyimage.com/1235x1638", "Feeling scene success newspaper too."),
    ("Barbecue grill", "Can culture serve democratic. Relate southern evening board example speak have. Well pattern name audience.", "https://dummyimage.com/1301x1323", "Politics heavy time ok."),
    ("Beehive oven", "Step recently fall. Inside all area her item. Address east like off present perhaps white.", "https://dummyimage.com/1421x1529", "Foot glass role attention current performance imagine."),
    ("Blender", "Character wall to general side girl including. Successful may professional home difference. Tell win company improve put weight.", "https://dummyimage.com/1320x1120", "Morning before body fast case audience seven."),
    ("Bowl", "Deep high several mean blue. Go key same base. Notice car worry newspaper occur.", "https://dummyimage.com/1708x1047", "Three score skin today."),
    ("Brasero", "Small professor society positive career. Someone mouth rather gun discuss school PM many. Final management control miss career.", "https://dummyimage.com/1107x1750", "Investment your themselves student I foot."),
    ("Brazier", "Fill you great conference fly pressure. Decision best home cover by later. And respond stage reflect thousand never.", "https://dummyimage.com/1209x1118", "Performance federal book ground."),
    ("Bread machine", "Experience expect agent challenge situation. Line respond administration from tough huge. Here the member operation.", "https://dummyimage.com/1463x1692", "Available force radio."),
    ("Burjiko", "Style son attack drop indeed challenge special. Middle about five represent develop marriage. Read order government firm on.", "https://dummyimage.com/1555x1961", "Shake born less all."),
    ("Butane torch", "Call because skin wife address science. Attention meet wind interesting including ahead receive. Effort man player.", "https://dummyimage.com/1753x1888", "Whose anyone why."),
    ("Chapati maker", "Night system fly message us. Bit here us environmental eight star. Notice value church much reach too than.", "https://dummyimage.com/1329x1358", "Still court technology grow."),
    ("Cheesemelter", "Option rock fear ability. House ever evening character hospital full. Help road view now eight investment appear.", "https://dummyimage.com/1909x1630", "Establish set politics chance for choose."),
    ("Chocolatera", "Base daughter stand court life foot light. College what rock. Fact rather name billion development.", "https://dummyimage.com/1925x1376", "Charge analysis central word PM white."),
    ("Chiller", "Student property whom about new talk street. Score rock surface affect indeed war operation. From see bed official tree.", "https://dummyimage.com/1365x1042", "Stop trade address interest fast."),
    ("Chorkor oven", "Degree while about guess expert though. Section ago nation left goal. Compare effort attack interview born mean toward.", "https://dummyimage.com/1875x1759", "Set kind tough either remain collection dinner magazine."),
    ("Clome oven", "Develop enough meeting late between be whom participant. Agent dog nice far population hit. Himself minute on likely despite ball be certain.", "https://dummyimage.com/1672x1459", "As city help shake."),
    ("Comal (cookware)", "Lawyer leader resource product professional describe friend. Happen magazine around. Affect condition top bank.", "https://dummyimage.com/1572x1360", "Although movie certain."),
    ("Combi steamer", "Near next professor. Establish society think condition level. Bill foreign alone cell whatever area.", "https://dummyimage.com/1899x1772", "Upon television adult."),
    ("Communal oven", "Senior organization measure yes dinner class story must. Hair grow hear sign actually present dark. Another available cause everything include each all.", "https://dummyimage.com/1079x1536", "Answer effect nation thus cover situation use."),
    ("Convection microwave", "Break international take create. Produce listen south special among land. Deep not author worker.", "https://dummyimage.com/1568x1026", "Yard same we they score."),
    ("Convection oven", "Go change or would. Manage series your chair attack. Hit point cut ten.", "https://dummyimage.com/1161x1947", "Fight film which both law professional scene."),
    ("Corn roaster", "Player hard subject tell conference. Dark view city realize less interview. Home beyond share huge body easy.", "https://dummyimage.com/1720x1029", "Series arm travel event with."),
    ("Crepe maker", "Enjoy fill child as store recognize. Opportunity artist hard remember. Book sure population increase.", "https://dummyimage.com/1445x1881", "Soon his natural real dark bank."),
    ("Deep fryer", "System democratic hair statement. Program assume right look. Finish campaign win unit language suffer together.", "https://dummyimage.com/1321x1186", "Dark dark total director."),
    ("Earth oven", "Certain affect culture recently country who scientist. Stage wide teacher source. Discover window sea month community fast.", "https://dummyimage.com/1460x1316", "That simple form yet group."),
    ("Electric cooker", "About recent summer treatment. Pull recent question big dream glass. Cell later security media.", "https://dummyimage.com/1281x1458", "First simple actually sea."),
    ("Espresso machine", "Poor arrive forward. Case deal science success. Agree cause receive budget fund record.", "https://dummyimage.com/1115x1081", "Truth common pattern product approach institution speech shoulder."),
    ("Field kitchen", "Similar she firm poor can add. Reason would attorney it. Her available begin decide blue then able.", "https://dummyimage.com/1419x1777", "Simply water indeed technology position number almost."),
    ("Fire pot", "Home health dog son operation process movie TV. Student service thing to miss positive trade control. Marriage billion threat short.", "https://dummyimage.com/1215x1319", "Federal explain who turn them song."),
    ("Flattop grill", "Foreign decision fly provide whatever. Inside daughter have name class mention. Management child shake air particularly computer third.", "https://dummyimage.com/1554x1539", "Energy book be our later."),
    ("Food steamer", "Her money senior last itself rather staff. Break task perhaps guy. Bit one activity political these start.", "https://dummyimage.com/1885x1240", "Level effect to set project help money growth."),
    ("Fufu machine", "Know good economic difference fly ability learn debate. Recently west Mr. Ball stay cut create see number.", "https://dummyimage.com/1916x1844", "White sea phone big."),
    ("Grater", "Country sort resource despite movement. Central material coach agree seven former rest. Check fast my just section.", "https://dummyimage.com/1616x1761", "Director throughout stage single design have."),
    ("Griddle", "Talk time quality mission. Speech ready seat also many. Return with soldier study.", "https://dummyimage.com/1538x1069", "Peace difficult issue carry available."),
    ("Halogen oven", "Be environmental parent understand strategy. Professional night fire. Next part believe which tonight modern author.", "https://dummyimage.com/1461x1127", "Sea election federal any."),
    ("Haybox", "Full such least within describe admit of. Have century network federal parent man store. Let wall cold PM street dinner very.", "https://dummyimage.com/1987x1035", "Price make easy blue bank go."),
    ("Hibachi", "Blood available win camera subject represent. Set particular trial local produce really seem television. Sort man use.", "https://dummyimage.com/1684x1980", "Room director under some."),
    ("Horno", "This over education choice apply meeting. Remain one follow test stop consider. Reality lot agency store time true.", "https://dummyimage.com/1256x1759", "Different lose ok sense Democrat."),
    ("Hot box (appliance)", "You art similar purpose late. Leave wait huge strong. Somebody professor station stop base establish.", "https://dummyimage.com/1280x1196", "Way general decide court deep."),
    ("Hot plate", "Threat what think. Common go reality myself system stay hour. Child wonder product build single.", "https://dummyimage.com/1185x1828", "Impact clearly process outside."),
    ("Instant Pot", "Budget several concern. Response somebody type gun. Chance teacher work yourself talk.", "https://dummyimage.com/1443x1299", "Measure section mean hotel dream Mrs sell."),
    ("Kamado", "Others interesting wife soldier certainly city art. Much avoid ahead customer walk check. Fast take safe shake threat wall.", "https://dummyimage.com/1977x1051", "Player western new all blood argue eight."),
    ("Kitchener range", "The kid thus few parent message. Few challenge main act blood skill daughter. Far share continue light.", "https://dummyimage.com/1550x1889", "Project recent Democrat evidence forward want."),
    ("Kujiejun", "Talk modern free include. Seek tend west wind page. Present else option song animal skill.", "https://dummyimage.com/1936x1421", "Camera down necessary region strategy heart less."),
    ("Kyoto box", "He suffer a contain up middle against. Believe deal add thus investment. Continue arrive true according discussion position.", "https://dummyimage.com/1299x1812", "Election participant wind offer hot beat course difference."),
    ("Makiyakinabe", "Study miss look minute generation eight. Common upon stay cup next so candidate. Word moment heart night step put.", "https://dummyimage.com/1816x1111", "Practice behind bit throughout read."),
    ("Masonry oven", "Program whole late process should us read. Close a until poor big. For argue threat enough plan.", "https://dummyimage.com/1397x1458", "Modern coach feel into instead activity network speech."),
    ("Mess kit", "Region future law learn. Check thank natural road themselves base standard. Consider visit change three.", "https://dummyimage.com/1072x1100", "Consumer TV look skin tell."),
    ("Microwave oven", "Feel between black organization lay hospital. Organization order audience item eat. Understand area fund go.", "https://dummyimage.com/1633x1435", "Whatever government little away.");


INSERT INTO uses_equipment
VALUES
    ("Healthy Buckwheat Soup", "Microwave oven"),
    ("Healthy Buckwheat Soup", "Kitchener range"),
    ("Healthy Buckwheat Soup", "Deep fryer"),
    ("Healthy Buckwheat Soup", "Beehive oven"),
    ("Healthy Buckwheat Soup", "Hot plate"),
    ("Healthy Buckwheat Soup", "Hot box (appliance)"),
    ("Healthy Buckwheat Soup", "Masonry oven"),
    ("Gnocci and white beans", "Instant Pot"),
    ("Gnocci and white beans", "Comal (cookware)"),
    ("Gnocci and white beans", "Bachelor griller"),
    ("Gnocci and white beans", "Flattop grill"),
    ("Gnocci and white beans", "Grater"),
    ("Gnocci and white beans", "Convection microwave"),
    ("Gnocci and white beans", "Kamado"),
    ("Fettuccine Alfredo", "Kamado"),
    ("Fettuccine Alfredo", "Comal (cookware)"),
    ("Fettuccine Alfredo", "Brazier"),
    ("Fettuccine Alfredo", "Earth oven"),
    ("Fettuccine Alfredo", "Convection oven"),
    ("Fettuccine Alfredo", "Brasero"),
    ("Fettuccine Alfredo", "Kitchener range"),
    ("Falafel Wrap", "Horno"),
    ("Falafel Wrap", "Deep fryer"),
    ("Falafel Wrap", "Crepe maker"),
    ("Falafel Wrap", "Kitchener range"),
    ("Falafel Wrap", "Barbecue grill"),
    ("Falafel Wrap", "Kyoto box"),
    ("Falafel Wrap", "Earth oven"),
    ("Falafel Wrap", "Chorkor oven"),
    ("Falafel Wrap", "Field kitchen"),
    ("Falafel Wrap", "Fufu machine"),
    ("Chicken Parmesan", "Hibachi"),
    ("Chicken Parmesan", "Deep fryer"),
    ("Chicken Parmesan", "Crepe maker"),
    ("Chicken Parmesan", "Espresso machine"),
    ("BBQ Chicken Pizza", "Kyoto box"),
    ("BBQ Chicken Pizza", "Comal (cookware)"),
    ("BBQ Chicken Pizza", "Crepe maker"),
    ("BBQ Chicken Pizza", "Electric cooker"),
    ("BBQ Chicken Pizza", "Field kitchen"),
    ("BBQ Chicken Pizza", "Kujiejun"),
    ("Cauliflower Steak", "Halogen oven"),
    ("Cauliflower Steak", "Field kitchen"),
    ("Cauliflower Steak", "Comal (cookware)"),
    ("Cauliflower Steak", "Fire pot"),
    ("Grilled Chicken Salad", "Bachelor griller"),
    ("Grilled Chicken Salad", "Chorkor oven"),
    ("Grilled Chicken Salad", "Flattop grill"),
    ("Grilled Chicken Salad", "Kyoto box"),
    ("Grilled Chicken Salad", "Kamado"),
    ("Grilled Chicken Salad", "Clome oven"),
    ("Grilled Chicken Salad", "Chiller"),
    ("Grilled Chicken Salad", "Bowl"),
    ("Grilled Chicken Salad", "Combi steamer"),
    ("Grilled Chicken Salad", "Masonry oven"),
    ("New Potato Lentil Salad", "Griddle"),
    ("New Potato Lentil Salad", "Electric cooker"),
    ("New Potato Lentil Salad", "Cheesemelter"),
    ("New Potato Lentil Salad", "Halogen oven"),
    ("New Potato Lentil Salad", "Convection oven"),
    ("New Potato Lentil Salad", "Bachelor griller"),
    ("New Potato Lentil Salad", "Kamado"),
    ("Buttery Herb Chicken", "Horno"),
    ("Buttery Herb Chicken", "Chorkor oven"),
    ("Buttery Herb Chicken", "Air fryer"),
    ("Buttery Herb Chicken", "Kyoto box"),
    ("Buttery Herb Chicken", "Kitchener range"),
    ("Buttery Herb Chicken", "Mess kit"),
    ("Buttery Herb Chicken", "Griddle"),
    ("Buttery Herb Chicken", "Chocolatera"),
    ("Buttery Herb Chicken", "Burjiko"),
    ("Buttery Herb Chicken", "Haybox"),
    ("Chicken Fajitas", "Chiller"),
    ("Chicken Fajitas", "Makiyakinabe"),
    ("Chicken Fajitas", "Field kitchen"),
    ("Chicken Fajitas", "Masonry oven"),
    ("Chicken Fajitas", "Deep fryer"),
    ("Chicken Fajitas", "Hibachi"),
    ("Chicken Fajitas", "Kujiejun"),
    ("Chicken Fajitas", "Crepe maker"),
    ("Hearty Pancakes", "Bachelor griller"),
    ("Hearty Pancakes", "Brasero"),
    ("Hearty Pancakes", "Earth oven"),
    ("Hearty Pancakes", "Mess kit"),
    ("Hearty Pancakes", "Hot plate"),
    ("Hearty Pancakes", "Brazier"),
    ("Hearty Pancakes", "Haybox"),
    ("Hearty Pancakes", "Instant Pot"),
    ("Hearty Pancakes", "Burjiko"),
    ("Black Bean Soup", "Chiller"),
    ("Black Bean Soup", "Microwave oven"),
    ("Black Bean Soup", "Butane torch"),
    ("Black Bean Soup", "Makiyakinabe"),
    ("Lamb Gyros", "Clome oven"),
    ("Lamb Gyros", "Deep fryer"),
    ("Lamb Gyros", "Microwave oven"),
    ("Lamb Gyros", "Instant Pot"),
    ("Balsamic Potatoes and Asparagus", "Chapati maker"),
    ("Balsamic Potatoes and Asparagus", "Burjiko"),
    ("Balsamic Potatoes and Asparagus", "Mess kit"),
    ("Balsamic Potatoes and Asparagus", "Chiller"),
    ("Balsamic Potatoes and Asparagus", "Convection oven"),
    ("Balsamic Potatoes and Asparagus", "Horno"),
    ("Balsamic Potatoes and Asparagus", "Fufu machine"),
    ("Black Bean Burgers", "Corn roaster"),
    ("Black Bean Burgers", "Fufu machine"),
    ("Black Bean Burgers", "Clome oven"),
    ("Black Bean Burgers", "Masonry oven"),
    ("Black Bean Burgers", "Deep fryer"),
    ("Black Bean Burgers", "Earth oven"),
    ("Black Bean Burgers", "Microwave oven"),
    ("Black Bean Burgers", "Hot box (appliance)"),
    ("Black Bean Burgers", "Blender"),
    ("Black Bean Burgers", "Butane torch"),
    ("Turkey Club Sandwich", "Grater"),
    ("Turkey Club Sandwich", "Kujiejun"),
    ("Turkey Club Sandwich", "Instant Pot"),
    ("Turkey Club Sandwich", "Clome oven"),
    ("Turkey Club Sandwich", "Convection microwave"),
    ("Turkey Club Sandwich", "Cheesemelter"),
    ("Turkey Club Sandwich", "Air fryer"),
    ("Turkey Club Sandwich", "Flattop grill"),
    ("Turkey Club Sandwich", "Microwave oven"),
    ("Rice noodles with meatballs and bok choy", "Barbecue grill"),
    ("Rice noodles with meatballs and bok choy", "Mess kit"),
    ("Rice noodles with meatballs and bok choy", "Kitchener range"),
    ("Rice noodles with meatballs and bok choy", "Deep fryer"),
    ("Rice noodles with meatballs and bok choy", "Cheesemelter"),
    ("Rice noodles with meatballs and bok choy", "Field kitchen"),
    ("Rice noodles with meatballs and bok choy", "Microwave oven"),
    ("Turkey Soup with Homemade Noodles", "Fire pot"),
    ("Turkey Soup with Homemade Noodles", "Hibachi"),
    ("Turkey Soup with Homemade Noodles", "Horno"),
    ("Turkey Soup with Homemade Noodles", "Burjiko"),
    ("Turkey Soup with Homemade Noodles", "Earth oven"),
    ("Turkey Soup with Homemade Noodles", "Beehive oven"),
    ("Moussaka", "Convection microwave"),
    ("Moussaka", "Burjiko"),
    ("Moussaka", "Beehive oven"),
    ("Moussaka", "Instant Pot"),
    ("Moussaka", "Kujiejun"),
    ("Moussaka", "Cheesemelter"),
    ("Moussaka", "Chocolatera"),
    ("Moussaka", "Bachelor griller"),
    ("Moussaka", "Barbecue grill"),
    ("Moussaka", "Air fryer"),
    ("Greek Yogurt and Honey Blueberry Muffins", "Microwave oven"),
    ("Greek Yogurt and Honey Blueberry Muffins", "Clome oven"),
    ("Greek Yogurt and Honey Blueberry Muffins", "Fire pot"),
    ("Greek Yogurt and Honey Blueberry Muffins", "Espresso machine"),
    ("Greek Yogurt and Honey Blueberry Muffins", "Air fryer"),
    ("Greek Yogurt and Honey Blueberry Muffins", "Chorkor oven"),
    ("Qahaq Cookies", "Electric cooker"),
    ("Qahaq Cookies", "Chapati maker"),
    ("Qahaq Cookies", "Combi steamer"),
    ("Qahaq Cookies", "Food steamer"),
    ("Qahaq Cookies", "Comal (cookware)"),
    ("Qahaq Cookies", "Communal oven"),
    ("Qahaq Cookies", "Corn roaster"),
    ("Qahaq Cookies", "Espresso machine"),
    ("Qahaq Cookies", "Kujiejun"),
    ("Qahaq Cookies", "Halogen oven"),
    ("Sweet Korean Lentils", "Bachelor griller"),
    ("Sweet Korean Lentils", "Comal (cookware)"),
    ("Sweet Korean Lentils", "Cheesemelter"),
    ("Sweet Korean Lentils", "Chiller"),
    ("Sweet Korean Lentils", "Field kitchen"),
    ("Spanish Chickpeas", "Chapati maker"),
    ("Spanish Chickpeas", "Bread machine"),
    ("Spanish Chickpeas", "Beehive oven"),
    ("Spanish Chickpeas", "Air fryer"),
    ("Spanish Chickpeas", "Kujiejun"),
    ("Spanish Chickpeas", "Convection oven"),
    ("Spanish Chickpeas", "Hibachi"),
    ("Spanish Chickpeas", "Clome oven"),
    ("Spanish Chickpeas", "Espresso machine"),
    ("Beef Stroganoff", "Horno"),
    ("Beef Stroganoff", "Haybox"),
    ("Beef Stroganoff", "Kujiejun"),
    ("Beef Stroganoff", "Makiyakinabe"),
    ("Beef Stroganoff", "Chapati maker"),
    ("Beef Stroganoff", "Fufu machine"),
    ("Beef Stroganoff", "Hot plate"),
    ("Salmon Teriyaki", "Field kitchen"),
    ("Salmon Teriyaki", "Electric cooker"),
    ("Salmon Teriyaki", "Flattop grill"),
    ("Salmon Teriyaki", "Bachelor griller"),
    ("Salmon Teriyaki", "Fire pot"),
    ("Salmon Teriyaki", "Grater"),
    ("Salmon Teriyaki", "Corn roaster"),
    ("Salmon Teriyaki", "Horno"),
    ("Salmon nigiri", "Horno"),
    ("Salmon nigiri", "Blender"),
    ("Salmon nigiri", "Flattop grill"),
    ("Salmon nigiri", "Haybox"),
    ("Vegetable Noodle Soup", "Bread machine"),
    ("Vegetable Noodle Soup", "Barbecue grill"),
    ("Vegetable Noodle Soup", "Kamado"),
    ("Vegetable Noodle Soup", "Combi steamer"),
    ("Beef Tacos", "Comal (cookware)"),
    ("Beef Tacos", "Haybox"),
    ("Beef Tacos", "Halogen oven"),
    ("Beef Tacos", "Crepe maker"),
    ("Beef Tacos", "Bowl"),
    ("Beef Tacos", "Corn roaster"),
    ("Beef Tacos", "Electric cooker"),
    ("Beef Tacos", "Butane torch"),
    ("Beef Tacos", "Chocolatera"),
    ("Thai Peanut Noodles", "Bachelor griller"),
    ("Thai Peanut Noodles", "Fire pot"),
    ("Thai Peanut Noodles", "Air fryer"),
    ("Thai Peanut Noodles", "Horno"),
    ("Grilled Shrimp", "Air fryer"),
    ("Grilled Shrimp", "Butane torch"),
    ("Grilled Shrimp", "Kyoto box"),
    ("Grilled Shrimp", "Field kitchen"),
    ("Grilled Shrimp", "Crepe maker"),
    ("Grilled Shrimp", "Halogen oven"),
    ("Grilled Shrimp", "Grater"),
    ("Beef Wellington", "Hot plate"),
    ("Beef Wellington", "Butane torch"),
    ("Beef Wellington", "Convection oven"),
    ("Beef Wellington", "Fire pot"),
    ("Beef Wellington", "Convection microwave"),
    ("Beef Wellington", "Kyoto box"),
    ("Beef Wellington", "Bowl"),
    ("Beef Wellington", "Bread machine"),
    ("Beef Wellington", "Deep fryer"),
    ("Shrimp Scampi", "Electric cooker"),
    ("Shrimp Scampi", "Makiyakinabe"),
    ("Shrimp Scampi", "Burjiko"),
    ("Shrimp Scampi", "Convection oven"),
    ("Shrimp Scampi", "Hot box (appliance)"),
    ("Shrimp Scampi", "Hot plate"),
    ("Shrimp Scampi", "Grater"),
    ("Shrimp Scampi", "Griddle"),
    ("Vegetable Stir Fry", "Beehive oven"),
    ("Vegetable Stir Fry", "Bachelor griller"),
    ("Vegetable Stir Fry", "Fire pot"),
    ("Vegetable Stir Fry", "Communal oven"),
    ("Vegetable Stir Fry", "Microwave oven"),
    ("Vegetable Stir Fry", "Horno"),
    ("Vegetable Stir Fry", "Kamado"),
    ("Vegetable Stir Fry", "Earth oven"),
    ("Vegetable Stir Fry", "Air fryer"),
    ("Minestrone Soup", "Combi steamer"),
    ("Minestrone Soup", "Brazier"),
    ("Minestrone Soup", "Butane torch"),
    ("Minestrone Soup", "Chiller"),
    ("Minestrone Soup", "Bachelor griller"),
    ("Meatballs with sauce", "Convection oven"),
    ("Meatballs with sauce", "Cheesemelter"),
    ("Meatballs with sauce", "Chocolatera"),
    ("Meatballs with sauce", "Comal (cookware)"),
    ("Soy Mustard Salmon", "Earth oven"),
    ("Soy Mustard Salmon", "Hot plate"),
    ("Soy Mustard Salmon", "Bowl"),
    ("Soy Mustard Salmon", "Microwave oven"),
    ("Soy Mustard Salmon", "Brazier"),
    ("Soy Mustard Salmon", "Deep fryer"),
    ("Soy Mustard Salmon", "Chocolatera"),
    ("Soy Mustard Salmon", "Hibachi"),
    ("Spinach and Artichoke Dip", "Corn roaster"),
    ("Spinach and Artichoke Dip", "Chiller"),
    ("Spinach and Artichoke Dip", "Kujiejun"),
    ("Spinach and Artichoke Dip", "Butane torch"),
    ("Spinach and Artichoke Dip", "Haybox"),
    ("Spinach and Artichoke Dip", "Bowl"),
    ("Spinach and Artichoke Dip", "Hot box (appliance)"),
    ("Spinach and Artichoke Dip", "Air fryer"),
    ("Pizza", "Deep fryer"),
    ("Pizza", "Combi steamer"),
    ("Pizza", "Mess kit"),
    ("Pizza", "Halogen oven"),
    ("Quinoa Brussels Sweet Potato Salad", "Kyoto box"),
    ("Quinoa Brussels Sweet Potato Salad", "Combi steamer"),
    ("Quinoa Brussels Sweet Potato Salad", "Hibachi"),
    ("Quinoa Brussels Sweet Potato Salad", "Kamado"),
    ("Quinoa Brussels Sweet Potato Salad", "Masonry oven"),
    ("Quinoa Brussels Sweet Potato Salad", "Beehive oven"),
    ("Quinoa Brussels Sweet Potato Salad", "Communal oven"),
    ("Quinoa Brussels Sweet Potato Salad", "Fire pot"),
    ("Quinoa Brussels Sweet Potato Salad", "Blender"),
    ("Quinoa Brussels Sweet Potato Salad", "Corn roaster");


INSERT INTO step
VALUES
    ("Heat oil in a pan over medium heat.", 1, "Healthy Buckwheat Soup"),
    ("Let it cool before serving.", 2, "Healthy Buckwheat Soup"),
    ("Rinse the rice under cold water until the water runs clear.", 3, "Healthy Buckwheat Soup"),
    ("Bring to a boil, then reduce heat to low.", 4, "Healthy Buckwheat Soup"),
    ("Marinate the chicken with spices and yogurt.", 5, "Healthy Buckwheat Soup"),
    ("Serve with grated cheese on top.", 6, "Healthy Buckwheat Soup"),
    ("Heat sauce in a separate pan.", 7, "Healthy Buckwheat Soup"),
    ("Let it cool before serving.", 8, "Healthy Buckwheat Soup"),
    ("Chop the vegetables into small pieces.", 9, "Healthy Buckwheat Soup"),
    ("Stir in the vegetables and cook for 5-7 minutes.", 10, "Healthy Buckwheat Soup"),
    ("Add butter and milk to the mixture.", 11, "Healthy Buckwheat Soup"),
    ("Boil water in a large pot.", 12, "Healthy Buckwheat Soup"),
    ("Stir in the vegetables and cook for 5-7 minutes.", 13, "Healthy Buckwheat Soup"),
    ("Marinate the chicken with spices and yogurt.", 14, "Healthy Buckwheat Soup"),
    ("Fluff the rice with a fork before serving.", 15, "Healthy Buckwheat Soup"),
    ("Rinse the rice under cold water until the water runs clear.", 16, "Healthy Buckwheat Soup"),
    ("Serve hot.", 17, "Healthy Buckwheat Soup"),
    ("Let it sit for at least 30 minutes.", 18, "Healthy Buckwheat Soup"),
    ("Boil water in a large pot.", 1, "Gnocci and white beans"),
    ("Heat sauce in a separate pan.", 2, "Gnocci and white beans"),
    ("Boil water in a large pot.", 3, "Gnocci and white beans"),
    ("Heat oil in a pan over medium heat.", 4, "Gnocci and white beans"),
    ("Let it sit for at least 30 minutes.", 5, "Gnocci and white beans"),
    ("Heat oil in a pan over medium heat.", 6, "Gnocci and white beans"),
    ("Reduce the heat and let it simmer for 15 minutes.", 7, "Gnocci and white beans"),
    ("Bring to a boil, then reduce heat to low.", 8, "Gnocci and white beans"),
    ("Cook for 8-10 minutes until al dente.", 9, "Gnocci and white beans"),
    ("Add the chicken to the skillet and cook for 6-8 minutes per side.", 10, "Gnocci and white beans"),
    ("Let it sit for at least 30 minutes.", 11, "Gnocci and white beans"),
    ("Let it cool before serving.", 12, "Gnocci and white beans"),
    ("Season with salt and pepper.", 13, "Gnocci and white beans"),
    ("Season with salt and pepper.", 14, "Gnocci and white beans"),
    ("Mix flour, sugar, and eggs in a bowl.", 15, "Gnocci and white beans"),
    ("Boil water in a large pot.", 16, "Gnocci and white beans"),
    ("Heat oil in a pan over medium heat.", 17, "Gnocci and white beans"),
    ("Boil water in a large pot.", 18, "Gnocci and white beans"),
    ("Cover and simmer for 18-20 minutes.", 19, "Gnocci and white beans"),
    ("Add pasta to the boiling water.", 20, "Gnocci and white beans"),
    ("Garnish with fresh cilantro before serving.", 21, "Gnocci and white beans"),
    ("Bake for 25-30 minutes until golden brown.", 1, "Fettuccine Alfredo"),
    ("Remove from heat and let it stand covered for 5 minutes.", 2, "Fettuccine Alfredo"),
    ("Serve with grated cheese on top.", 3, "Fettuccine Alfredo"),
    ("Mix flour, sugar, and eggs in a bowl.", 4, "Fettuccine Alfredo"),
    ("Serve with grated cheese on top.", 5, "Fettuccine Alfredo"),
    ("Add pasta to the boiling water.", 6, "Fettuccine Alfredo"),
    ("Pour the batter into a greased baking pan.", 7, "Fettuccine Alfredo"),
    ("Let it cool before serving.", 8, "Fettuccine Alfredo"),
    ("Add garlic and onions to the pan.", 9, "Fettuccine Alfredo"),
    ("Combine pasta and sauce, and mix well.", 1, "Falafel Wrap"),
    ("Season with salt and pepper.", 2, "Falafel Wrap"),
    ("Boil water in a large pot.", 3, "Falafel Wrap"),
    ("Heat oil in a large skillet over medium-high heat.", 4, "Falafel Wrap"),
    ("Add butter and milk to the mixture.", 5, "Falafel Wrap"),
    ("Combine rice and water in a pot.", 6, "Falafel Wrap"),
    ("Season with salt and pepper.", 7, "Falafel Wrap"),
    ("Heat oil in a large skillet over medium-high heat.", 8, "Falafel Wrap"),
    ("Drain the pasta and set aside.", 9, "Falafel Wrap"),
    ("Let it cool before serving.", 10, "Falafel Wrap"),
    ("Cover and simmer for 18-20 minutes.", 11, "Falafel Wrap"),
    ("Chop the vegetables into small pieces.", 12, "Falafel Wrap"),
    ("Serve with grated cheese on top.", 13, "Falafel Wrap"),
    ("Season with salt and pepper.", 14, "Falafel Wrap"),
    ("Bring to a boil, then reduce heat to low.", 1, "Chicken Parmesan"),
    ("Reduce the heat and let it simmer for 15 minutes.", 2, "Chicken Parmesan"),
    ("Serve hot.", 3, "Chicken Parmesan"),
    ("Cover and simmer for 18-20 minutes.", 4, "Chicken Parmesan"),
    ("Chop the vegetables into small pieces.", 5, "Chicken Parmesan"),
    ("Remove from heat and let it stand covered for 5 minutes.", 6, "Chicken Parmesan"),
    ("Add garlic and onions to the pan.", 7, "Chicken Parmesan"),
    ("Add the chicken to the skillet and cook for 6-8 minutes per side.", 8, "Chicken Parmesan"),
    ("Combine pasta and sauce, and mix well.", 9, "Chicken Parmesan"),
    ("Bring to a boil, then reduce heat to low.", 10, "Chicken Parmesan"),
    ("Heat oil in a large skillet over medium-high heat.", 11, "Chicken Parmesan"),
    ("Stir in the vegetables and cook for 5-7 minutes.", 12, "Chicken Parmesan"),
    ("Add butter and milk to the mixture.", 13, "Chicken Parmesan"),
    ("Heat oil in a large skillet over medium-high heat.", 14, "Chicken Parmesan"),
    ("Boil water in a large pot.", 15, "Chicken Parmesan"),
    ("Bring to a boil, then reduce heat to low.", 16, "Chicken Parmesan"),
    ("Drain the pasta and set aside.", 17, "Chicken Parmesan"),
    ("Fluff the rice with a fork before serving.", 18, "Chicken Parmesan"),
    ("Let it sit for at least 30 minutes.", 19, "Chicken Parmesan"),
    ("Let it sit for at least 30 minutes.", 20, "Chicken Parmesan"),
    ("Chop the vegetables into small pieces.", 21, "Chicken Parmesan"),
    ("Reduce the heat and let it simmer for 15 minutes.", 1, "BBQ Chicken Pizza"),
    ("Heat oil in a pan over medium heat.", 2, "BBQ Chicken Pizza"),
    ("Add garlic and onions to the pan.", 3, "BBQ Chicken Pizza"),
    ("Bake for 25-30 minutes until golden brown.", 4, "BBQ Chicken Pizza"),
    ("Rinse the rice under cold water until the water runs clear.", 5, "BBQ Chicken Pizza"),
    ("Mix flour, sugar, and eggs in a bowl.", 6, "BBQ Chicken Pizza"),
    ("Heat oil in a pan over medium heat.", 7, "BBQ Chicken Pizza"),
    ("Cook for 8-10 minutes until al dente.", 8, "BBQ Chicken Pizza"),
    ("Stir in the vegetables and cook for 5-7 minutes.", 9, "BBQ Chicken Pizza"),
    ("Add garlic and onions to the pan.", 10, "BBQ Chicken Pizza"),
    ("Let it cool before serving.", 11, "BBQ Chicken Pizza"),
    ("Combine rice and water in a pot.", 12, "BBQ Chicken Pizza"),
    ("Cover and simmer for 18-20 minutes.", 1, "Cauliflower Steak"),
    ("Heat oil in a large skillet over medium-high heat.", 2, "Cauliflower Steak"),
    ("Season with salt and pepper.", 3, "Cauliflower Steak"),
    ("Combine rice and water in a pot.", 4, "Cauliflower Steak"),
    ("Bake for 25-30 minutes until golden brown.", 5, "Cauliflower Steak"),
    ("Combine rice and water in a pot.", 6, "Cauliflower Steak"),
    ("Reduce the heat and let it simmer for 15 minutes.", 7, "Cauliflower Steak"),
    ("Add butter and milk to the mixture.", 8, "Cauliflower Steak"),
    ("Preheat the oven to 350F (175C).", 9, "Cauliflower Steak"),
    ("Let it cool before serving.", 10, "Cauliflower Steak"),
    ("Combine rice and water in a pot.", 11, "Cauliflower Steak"),
    ("Mix flour, sugar, and eggs in a bowl.", 12, "Cauliflower Steak"),
    ("Marinate the chicken with spices and yogurt.", 13, "Cauliflower Steak"),
    ("Bake for 25-30 minutes until golden brown.", 14, "Cauliflower Steak"),
    ("Heat oil in a large skillet over medium-high heat.", 15, "Cauliflower Steak"),
    ("Bring to a boil, then reduce heat to low.", 1, "Grilled Chicken Salad"),
    ("Marinate the chicken with spices and yogurt.", 2, "Grilled Chicken Salad"),
    ("Add pasta to the boiling water.", 3, "Grilled Chicken Salad"),
    ("Let it sit for at least 30 minutes.", 4, "Grilled Chicken Salad"),
    ("Reduce the heat and let it simmer for 15 minutes.", 5, "Grilled Chicken Salad"),
    ("Garnish with fresh cilantro before serving.", 6, "Grilled Chicken Salad"),
    ("Heat sauce in a separate pan.", 7, "Grilled Chicken Salad"),
    ("Preheat the oven to 350F (175C).", 8, "Grilled Chicken Salad"),
    ("Heat sauce in a separate pan.", 9, "Grilled Chicken Salad"),
    ("Preheat the oven to 350F (175C).", 10, "Grilled Chicken Salad"),
    ("Preheat the oven to 350F (175C).", 1, "New Potato Lentil Salad"),
    ("Serve with grated cheese on top.", 2, "New Potato Lentil Salad"),
    ("Heat sauce in a separate pan.", 3, "New Potato Lentil Salad"),
    ("Bake for 25-30 minutes until golden brown.", 4, "New Potato Lentil Salad"),
    ("Bring to a boil, then reduce heat to low.", 5, "New Potato Lentil Salad"),
    ("Marinate the chicken with spices and yogurt.", 6, "New Potato Lentil Salad"),
    ("Remove from heat and let it stand covered for 5 minutes.", 7, "New Potato Lentil Salad"),
    ("Boil water in a large pot.", 8, "New Potato Lentil Salad"),
    ("Serve hot.", 1, "Buttery Herb Chicken"),
    ("Serve hot.", 2, "Buttery Herb Chicken"),
    ("Bring to a boil, then reduce heat to low.", 3, "Buttery Herb Chicken"),
    ("Pour the batter into a greased baking pan.", 4, "Buttery Herb Chicken"),
    ("Add garlic and onions to the pan.", 5, "Buttery Herb Chicken"),
    ("Remove from heat and let it stand covered for 5 minutes.", 6, "Buttery Herb Chicken"),
    ("Add the chicken to the skillet and cook for 6-8 minutes per side.", 7, "Buttery Herb Chicken"),
    ("Stir in the vegetables and cook for 5-7 minutes.", 8, "Buttery Herb Chicken"),
    ("Rinse the rice under cold water until the water runs clear.", 1, "Chicken Fajitas"),
    ("Add pasta to the boiling water.", 2, "Chicken Fajitas"),
    ("Let it cool before serving.", 3, "Chicken Fajitas"),
    ("Let it sit for at least 30 minutes.", 4, "Chicken Fajitas"),
    ("Drain the pasta and set aside.", 5, "Chicken Fajitas"),
    ("Let it cool before serving.", 6, "Chicken Fajitas"),
    ("Remove from heat and let it stand covered for 5 minutes.", 7, "Chicken Fajitas"),
    ("Preheat the oven to 350F (175C).", 8, "Chicken Fajitas"),
    ("Heat oil in a large skillet over medium-high heat.", 9, "Chicken Fajitas"),
    ("Marinate the chicken with spices and yogurt.", 10, "Chicken Fajitas"),
    ("Rinse the rice under cold water until the water runs clear.", 11, "Chicken Fajitas"),
    ("Combine pasta and sauce, and mix well.", 12, "Chicken Fajitas"),
    ("Heat sauce in a separate pan.", 13, "Chicken Fajitas"),
    ("Pour the batter into a greased baking pan.", 14, "Chicken Fajitas"),
    ("Boil water in a large pot.", 1, "Hearty Pancakes"),
    ("Remove from heat and let it stand covered for 5 minutes.", 2, "Hearty Pancakes"),
    ("Bake for 25-30 minutes until golden brown.", 3, "Hearty Pancakes"),
    ("Reduce the heat and let it simmer for 15 minutes.", 4, "Hearty Pancakes"),
    ("Combine pasta and sauce, and mix well.", 5, "Hearty Pancakes"),
    ("Preheat the oven to 350F (175C).", 6, "Hearty Pancakes"),
    ("Bake for 25-30 minutes until golden brown.", 7, "Hearty Pancakes"),
    ("Chop the vegetables into small pieces.", 8, "Hearty Pancakes"),
    ("Season with salt and pepper.", 9, "Hearty Pancakes"),
    ("Add the chicken to the skillet and cook for 6-8 minutes per side.", 10, "Hearty Pancakes"),
    ("Combine pasta and sauce, and mix well.", 11, "Hearty Pancakes"),
    ("Combine pasta and sauce, and mix well.", 12, "Hearty Pancakes"),
    ("Reduce the heat and let it simmer for 15 minutes.", 1, "Black Bean Soup"),
    ("Fluff the rice with a fork before serving.", 2, "Black Bean Soup"),
    ("Heat oil in a pan over medium heat.", 3, "Black Bean Soup"),
    ("Cook for 8-10 minutes until al dente.", 4, "Black Bean Soup"),
    ("Mix flour, sugar, and eggs in a bowl.", 5, "Black Bean Soup"),
    ("Serve hot.", 6, "Black Bean Soup"),
    ("Add the chicken to the skillet and cook for 6-8 minutes per side.", 7, "Black Bean Soup"),
    ("Mix flour, sugar, and eggs in a bowl.", 8, "Black Bean Soup"),
    ("Season with salt and pepper.", 9, "Black Bean Soup"),
    ("Heat oil in a pan over medium heat.", 10, "Black Bean Soup"),
    ("Combine pasta and sauce, and mix well.", 11, "Black Bean Soup"),
    ("Bring to a boil, then reduce heat to low.", 12, "Black Bean Soup"),
    ("Preheat the oven to 350F (175C).", 1, "Lamb Gyros"),
    ("Rinse the rice under cold water until the water runs clear.", 2, "Lamb Gyros"),
    ("Pour the batter into a greased baking pan.", 3, "Lamb Gyros"),
    ("Cook for 8-10 minutes until al dente.", 4, "Lamb Gyros"),
    ("Add butter and milk to the mixture.", 5, "Lamb Gyros"),
    ("Bake for 25-30 minutes until golden brown.", 6, "Lamb Gyros"),
    ("Heat oil in a pan over medium heat.", 7, "Lamb Gyros"),
    ("Heat sauce in a separate pan.", 8, "Lamb Gyros"),
    ("Combine pasta and sauce, and mix well.", 9, "Lamb Gyros"),
    ("Rinse the rice under cold water until the water runs clear.", 10, "Lamb Gyros"),
    ("Boil water in a large pot.", 11, "Lamb Gyros"),
    ("Serve hot.", 12, "Lamb Gyros"),
    ("Remove from heat and let it stand covered for 5 minutes.", 13, "Lamb Gyros"),
    ("Serve hot.", 14, "Lamb Gyros"),
    ("Combine rice and water in a pot.", 15, "Lamb Gyros"),
    ("Heat oil in a pan over medium heat.", 16, "Lamb Gyros"),
    ("Serve with grated cheese on top.", 17, "Lamb Gyros"),
    ("Cover and simmer for 18-20 minutes.", 18, "Lamb Gyros"),
    ("Pour the batter into a greased baking pan.", 19, "Lamb Gyros"),
    ("Heat oil in a pan over medium heat.", 20, "Lamb Gyros"),
    ("Heat oil in a large skillet over medium-high heat.", 1, "Balsamic Potatoes and Asparagus"),
    ("Rinse the rice under cold water until the water runs clear.", 2, "Balsamic Potatoes and Asparagus"),
    ("Remove from heat and let it stand covered for 5 minutes.", 3, "Balsamic Potatoes and Asparagus"),
    ("Cover and simmer for 18-20 minutes.", 4, "Balsamic Potatoes and Asparagus"),
    ("Combine rice and water in a pot.", 5, "Balsamic Potatoes and Asparagus"),
    ("Boil water in a large pot.", 6, "Balsamic Potatoes and Asparagus"),
    ("Fluff the rice with a fork before serving.", 7, "Balsamic Potatoes and Asparagus"),
    ("Add the chicken to the skillet and cook for 6-8 minutes per side.", 8, "Balsamic Potatoes and Asparagus"),
    ("Add the chicken to the skillet and cook for 6-8 minutes per side.", 9, "Balsamic Potatoes and Asparagus"),
    ("Combine pasta and sauce, and mix well.", 1, "Black Bean Burgers"),
    ("Boil water in a large pot.", 2, "Black Bean Burgers"),
    ("Pour the batter into a greased baking pan.", 3, "Black Bean Burgers"),
    ("Let it sit for at least 30 minutes.", 4, "Black Bean Burgers"),
    ("Reduce the heat and let it simmer for 15 minutes.", 5, "Black Bean Burgers"),
    ("Marinate the chicken with spices and yogurt.", 6, "Black Bean Burgers"),
    ("Remove from heat and let it stand covered for 5 minutes.", 7, "Black Bean Burgers"),
    ("Boil water in a large pot.", 8, "Black Bean Burgers"),
    ("Mix flour, sugar, and eggs in a bowl.", 1, "Turkey Club Sandwich"),
    ("Bake for 25-30 minutes until golden brown.", 2, "Turkey Club Sandwich"),
    ("Let it sit for at least 30 minutes.", 3, "Turkey Club Sandwich"),
    ("Reduce the heat and let it simmer for 15 minutes.", 4, "Turkey Club Sandwich"),
    ("Let it cool before serving.", 5, "Turkey Club Sandwich"),
    ("Preheat the oven to 350F (175C).", 6, "Turkey Club Sandwich"),
    ("Preheat the oven to 350F (175C).", 7, "Turkey Club Sandwich"),
    ("Bake for 25-30 minutes until golden brown.", 8, "Turkey Club Sandwich"),
    ("Combine pasta and sauce, and mix well.", 9, "Turkey Club Sandwich"),
    ("Cook for 8-10 minutes until al dente.", 10, "Turkey Club Sandwich"),
    ("Let it cool before serving.", 11, "Turkey Club Sandwich"),
    ("Chop the vegetables into small pieces.", 12, "Turkey Club Sandwich"),
    ("Combine rice and water in a pot.", 13, "Turkey Club Sandwich"),
    ("Heat oil in a pan over medium heat.", 14, "Turkey Club Sandwich"),
    ("Drain the pasta and set aside.", 15, "Turkey Club Sandwich"),
    ("Bake for 25-30 minutes until golden brown.", 1, "Rice noodles with meatballs and bok choy"),
    ("Add the chicken to the skillet and cook for 6-8 minutes per side.", 2, "Rice noodles with meatballs and bok choy"),
    ("Garnish with fresh cilantro before serving.", 3, "Rice noodles with meatballs and bok choy"),
    ("Preheat the oven to 350F (175C).", 4, "Rice noodles with meatballs and bok choy"),
    ("Combine pasta and sauce, and mix well.", 5, "Rice noodles with meatballs and bok choy"),
    ("Cover and simmer for 18-20 minutes.", 6, "Rice noodles with meatballs and bok choy"),
    ("Season with salt and pepper.", 7, "Rice noodles with meatballs and bok choy"),
    ("Pour the batter into a greased baking pan.", 8, "Rice noodles with meatballs and bok choy"),
    ("Cover and simmer for 18-20 minutes.", 9, "Rice noodles with meatballs and bok choy"),
    ("Season with salt and pepper.", 10, "Rice noodles with meatballs and bok choy"),
    ("Marinate the chicken with spices and yogurt.", 11, "Rice noodles with meatballs and bok choy"),
    ("Garnish with fresh cilantro before serving.", 12, "Rice noodles with meatballs and bok choy"),
    ("Boil water in a large pot.", 13, "Rice noodles with meatballs and bok choy"),
    ("Garnish with fresh cilantro before serving.", 14, "Rice noodles with meatballs and bok choy"),
    ("Chop the vegetables into small pieces.", 15, "Rice noodles with meatballs and bok choy"),
    ("Heat oil in a pan over medium heat.", 16, "Rice noodles with meatballs and bok choy"),
    ("Preheat the oven to 350F (175C).", 17, "Rice noodles with meatballs and bok choy"),
    ("Season with salt and pepper.", 18, "Rice noodles with meatballs and bok choy"),
    ("Add butter and milk to the mixture.", 19, "Rice noodles with meatballs and bok choy"),
    ("Reduce the heat and let it simmer for 15 minutes.", 20, "Rice noodles with meatballs and bok choy"),
    ("Fluff the rice with a fork before serving.", 21, "Rice noodles with meatballs and bok choy"),
    ("Bring to a boil, then reduce heat to low.", 22, "Rice noodles with meatballs and bok choy"),
    ("Drain the pasta and set aside.", 1, "Turkey Soup with Homemade Noodles"),
    ("Preheat the oven to 350F (175C).", 2, "Turkey Soup with Homemade Noodles"),
    ("Add garlic and onions to the pan.", 3, "Turkey Soup with Homemade Noodles"),
    ("Reduce the heat and let it simmer for 15 minutes.", 4, "Turkey Soup with Homemade Noodles"),
    ("Combine rice and water in a pot.", 5, "Turkey Soup with Homemade Noodles"),
    ("Add pasta to the boiling water.", 6, "Turkey Soup with Homemade Noodles"),
    ("Add garlic and onions to the pan.", 7, "Turkey Soup with Homemade Noodles"),
    ("Garnish with fresh cilantro before serving.", 8, "Turkey Soup with Homemade Noodles"),
    ("Heat sauce in a separate pan.", 9, "Turkey Soup with Homemade Noodles"),
    ("Boil water in a large pot.", 10, "Turkey Soup with Homemade Noodles"),
    ("Heat sauce in a separate pan.", 11, "Turkey Soup with Homemade Noodles"),
    ("Stir in the vegetables and cook for 5-7 minutes.", 12, "Turkey Soup with Homemade Noodles"),
    ("Remove from heat and let it stand covered for 5 minutes.", 13, "Turkey Soup with Homemade Noodles"),
    ("Heat sauce in a separate pan.", 14, "Turkey Soup with Homemade Noodles"),
    ("Add the chicken to the skillet and cook for 6-8 minutes per side.", 15, "Turkey Soup with Homemade Noodles"),
    ("Chop the vegetables into small pieces.", 16, "Turkey Soup with Homemade Noodles"),
    ("Let it sit for at least 30 minutes.", 1, "Moussaka"),
    ("Marinate the chicken with spices and yogurt.", 2, "Moussaka"),
    ("Combine rice and water in a pot.", 3, "Moussaka"),
    ("Serve hot.", 4, "Moussaka"),
    ("Preheat the oven to 350F (175C).", 5, "Moussaka"),
    ("Heat sauce in a separate pan.", 6, "Moussaka"),
    ("Drain the pasta and set aside.", 7, "Moussaka"),
    ("Let it cool before serving.", 8, "Moussaka"),
    ("Serve hot.", 9, "Moussaka"),
    ("Boil water in a large pot.", 10, "Moussaka"),
    ("Heat oil in a large skillet over medium-high heat.", 11, "Moussaka"),
    ("Garnish with fresh cilantro before serving.", 12, "Moussaka"),
    ("Pour the batter into a greased baking pan.", 1, "Greek Yogurt and Honey Blueberry Muffins"),
    ("Serve hot.", 2, "Greek Yogurt and Honey Blueberry Muffins"),
    ("Fluff the rice with a fork before serving.", 3, "Greek Yogurt and Honey Blueberry Muffins"),
    ("Combine pasta and sauce, and mix well.", 4, "Greek Yogurt and Honey Blueberry Muffins"),
    ("Garnish with fresh cilantro before serving.", 5, "Greek Yogurt and Honey Blueberry Muffins"),
    ("Chop the vegetables into small pieces.", 6, "Greek Yogurt and Honey Blueberry Muffins"),
    ("Stir in the vegetables and cook for 5-7 minutes.", 7, "Greek Yogurt and Honey Blueberry Muffins"),
    ("Remove from heat and let it stand covered for 5 minutes.", 8, "Greek Yogurt and Honey Blueberry Muffins"),
    ("Marinate the chicken with spices and yogurt.", 9, "Greek Yogurt and Honey Blueberry Muffins"),
    ("Chop the vegetables into small pieces.", 10, "Greek Yogurt and Honey Blueberry Muffins"),
    ("Pour the batter into a greased baking pan.", 11, "Greek Yogurt and Honey Blueberry Muffins"),
    ("Preheat the oven to 350F (175C).", 12, "Greek Yogurt and Honey Blueberry Muffins"),
    ("Heat oil in a large skillet over medium-high heat.", 13, "Greek Yogurt and Honey Blueberry Muffins"),
    ("Combine rice and water in a pot.", 14, "Greek Yogurt and Honey Blueberry Muffins"),
    ("Bake for 25-30 minutes until golden brown.", 15, "Greek Yogurt and Honey Blueberry Muffins"),
    ("Heat oil in a large skillet over medium-high heat.", 16, "Greek Yogurt and Honey Blueberry Muffins"),
    ("Heat oil in a pan over medium heat.", 17, "Greek Yogurt and Honey Blueberry Muffins"),
    ("Serve hot.", 18, "Greek Yogurt and Honey Blueberry Muffins"),
    ("Fluff the rice with a fork before serving.", 19, "Greek Yogurt and Honey Blueberry Muffins"),
    ("Mix flour, sugar, and eggs in a bowl.", 20, "Greek Yogurt and Honey Blueberry Muffins"),
    ("Mix flour, sugar, and eggs in a bowl.", 21, "Greek Yogurt and Honey Blueberry Muffins"),
    ("Fluff the rice with a fork before serving.", 22, "Greek Yogurt and Honey Blueberry Muffins"),
    ("Combine pasta and sauce, and mix well.", 1, "Qahaq Cookies"),
    ("Mix flour, sugar, and eggs in a bowl.", 2, "Qahaq Cookies"),
    ("Remove from heat and let it stand covered for 5 minutes.", 3, "Qahaq Cookies"),
    ("Serve with grated cheese on top.", 4, "Qahaq Cookies"),
    ("Heat oil in a large skillet over medium-high heat.", 5, "Qahaq Cookies"),
    ("Bake for 25-30 minutes until golden brown.", 6, "Qahaq Cookies"),
    ("Chop the vegetables into small pieces.", 7, "Qahaq Cookies"),
    ("Bring to a boil, then reduce heat to low.", 8, "Qahaq Cookies"),
    ("Combine rice and water in a pot.", 9, "Qahaq Cookies"),
    ("Mix flour, sugar, and eggs in a bowl.", 1, "Sweet Korean Lentils"),
    ("Let it cool before serving.", 2, "Sweet Korean Lentils"),
    ("Bring to a boil, then reduce heat to low.", 3, "Sweet Korean Lentils"),
    ("Mix flour, sugar, and eggs in a bowl.", 4, "Sweet Korean Lentils"),
    ("Add garlic and onions to the pan.", 5, "Sweet Korean Lentils"),
    ("Season with salt and pepper.", 6, "Sweet Korean Lentils"),
    ("Heat oil in a pan over medium heat.", 7, "Sweet Korean Lentils"),
    ("Stir in the vegetables and cook for 5-7 minutes.", 8, "Sweet Korean Lentils"),
    ("Heat sauce in a separate pan.", 9, "Sweet Korean Lentils"),
    ("Garnish with fresh cilantro before serving.", 1, "Spanish Chickpeas"),
    ("Combine rice and water in a pot.", 2, "Spanish Chickpeas"),
    ("Mix flour, sugar, and eggs in a bowl.", 3, "Spanish Chickpeas"),
    ("Heat sauce in a separate pan.", 4, "Spanish Chickpeas"),
    ("Add garlic and onions to the pan.", 5, "Spanish Chickpeas"),
    ("Reduce the heat and let it simmer for 15 minutes.", 6, "Spanish Chickpeas"),
    ("Fluff the rice with a fork before serving.", 7, "Spanish Chickpeas"),
    ("Let it sit for at least 30 minutes.", 1, "Beef Stroganoff"),
    ("Preheat the oven to 350F (175C).", 2, "Beef Stroganoff"),
    ("Bake for 25-30 minutes until golden brown.", 3, "Beef Stroganoff"),
    ("Fluff the rice with a fork before serving.", 4, "Beef Stroganoff"),
    ("Fluff the rice with a fork before serving.", 5, "Beef Stroganoff"),
    ("Add butter and milk to the mixture.", 6, "Beef Stroganoff"),
    ("Season with salt and pepper.", 7, "Beef Stroganoff"),
    ("Add pasta to the boiling water.", 8, "Beef Stroganoff"),
    ("Heat oil in a pan over medium heat.", 9, "Beef Stroganoff"),
    ("Cover and simmer for 18-20 minutes.", 10, "Beef Stroganoff"),
    ("Cook for 8-10 minutes until al dente.", 11, "Beef Stroganoff"),
    ("Add garlic and onions to the pan.", 12, "Beef Stroganoff"),
    ("Combine rice and water in a pot.", 13, "Beef Stroganoff"),
    ("Serve hot.", 14, "Beef Stroganoff"),
    ("Mix flour, sugar, and eggs in a bowl.", 15, "Beef Stroganoff"),
    ("Let it cool before serving.", 16, "Beef Stroganoff"),
    ("Chop the vegetables into small pieces.", 17, "Beef Stroganoff"),
    ("Heat oil in a large skillet over medium-high heat.", 18, "Beef Stroganoff"),
    ("Add the chicken to the skillet and cook for 6-8 minutes per side.", 19, "Beef Stroganoff"),
    ("Season with salt and pepper.", 20, "Beef Stroganoff"),
    ("Add the chicken to the skillet and cook for 6-8 minutes per side.", 21, "Beef Stroganoff"),
    ("Season with salt and pepper.", 22, "Beef Stroganoff"),
    ("Cook for 8-10 minutes until al dente.", 23, "Beef Stroganoff"),
    ("Add pasta to the boiling water.", 1, "Salmon Teriyaki"),
    ("Preheat the oven to 350F (175C).", 2, "Salmon Teriyaki"),
    ("Marinate the chicken with spices and yogurt.", 3, "Salmon Teriyaki"),
    ("Serve hot.", 4, "Salmon Teriyaki"),
    ("Heat oil in a large skillet over medium-high heat.", 5, "Salmon Teriyaki"),
    ("Add garlic and onions to the pan.", 6, "Salmon Teriyaki"),
    ("Garnish with fresh cilantro before serving.", 7, "Salmon Teriyaki"),
    ("Add butter and milk to the mixture.", 8, "Salmon Teriyaki"),
    ("Add butter and milk to the mixture.", 9, "Salmon Teriyaki"),
    ("Remove from heat and let it stand covered for 5 minutes.", 10, "Salmon Teriyaki"),
    ("Marinate the chicken with spices and yogurt.", 11, "Salmon Teriyaki"),
    ("Serve hot.", 12, "Salmon Teriyaki"),
    ("Season with salt and pepper.", 13, "Salmon Teriyaki"),
    ("Let it sit for at least 30 minutes.", 14, "Salmon Teriyaki"),
    ("Fluff the rice with a fork before serving.", 15, "Salmon Teriyaki"),
    ("Combine rice and water in a pot.", 16, "Salmon Teriyaki"),
    ("Add garlic and onions to the pan.", 17, "Salmon Teriyaki"),
    ("Chop the vegetables into small pieces.", 18, "Salmon Teriyaki"),
    ("Rinse the rice under cold water until the water runs clear.", 1, "Salmon nigiri"),
    ("Add the chicken to the skillet and cook for 6-8 minutes per side.", 2, "Salmon nigiri"),
    ("Season with salt and pepper.", 3, "Salmon nigiri"),
    ("Combine pasta and sauce, and mix well.", 4, "Salmon nigiri"),
    ("Serve with grated cheese on top.", 5, "Salmon nigiri"),
    ("Let it cool before serving.", 6, "Salmon nigiri"),
    ("Serve hot.", 7, "Salmon nigiri"),
    ("Boil water in a large pot.", 8, "Salmon nigiri"),
    ("Remove from heat and let it stand covered for 5 minutes.", 9, "Salmon nigiri"),
    ("Chop the vegetables into small pieces.", 10, "Salmon nigiri"),
    ("Combine rice and water in a pot.", 11, "Salmon nigiri"),
    ("Rinse the rice under cold water until the water runs clear.", 12, "Salmon nigiri"),
    ("Mix flour, sugar, and eggs in a bowl.", 13, "Salmon nigiri"),
    ("Marinate the chicken with spices and yogurt.", 1, "Vegetable Noodle Soup"),
    ("Heat oil in a pan over medium heat.", 2, "Vegetable Noodle Soup"),
    ("Pour the batter into a greased baking pan.", 3, "Vegetable Noodle Soup"),
    ("Stir in the vegetables and cook for 5-7 minutes.", 4, "Vegetable Noodle Soup"),
    ("Add the chicken to the skillet and cook for 6-8 minutes per side.", 5, "Vegetable Noodle Soup"),
    ("Combine pasta and sauce, and mix well.", 6, "Vegetable Noodle Soup"),
    ("Cook for 8-10 minutes until al dente.", 7, "Vegetable Noodle Soup"),
    ("Cook for 8-10 minutes until al dente.", 8, "Vegetable Noodle Soup"),
    ("Add butter and milk to the mixture.", 9, "Vegetable Noodle Soup"),
    ("Serve with grated cheese on top.", 10, "Vegetable Noodle Soup"),
    ("Bring to a boil, then reduce heat to low.", 11, "Vegetable Noodle Soup"),
    ("Add garlic and onions to the pan.", 12, "Vegetable Noodle Soup"),
    ("Combine pasta and sauce, and mix well.", 13, "Vegetable Noodle Soup"),
    ("Mix flour, sugar, and eggs in a bowl.", 14, "Vegetable Noodle Soup"),
    ("Add garlic and onions to the pan.", 15, "Vegetable Noodle Soup"),
    ("Heat sauce in a separate pan.", 16, "Vegetable Noodle Soup"),
    ("Remove from heat and let it stand covered for 5 minutes.", 1, "Beef Tacos"),
    ("Cook for 8-10 minutes until al dente.", 2, "Beef Tacos"),
    ("Add pasta to the boiling water.", 3, "Beef Tacos"),
    ("Remove from heat and let it stand covered for 5 minutes.", 4, "Beef Tacos"),
    ("Boil water in a large pot.", 5, "Beef Tacos"),
    ("Let it sit for at least 30 minutes.", 6, "Beef Tacos"),
    ("Boil water in a large pot.", 7, "Beef Tacos"),
    ("Heat oil in a pan over medium heat.", 8, "Beef Tacos"),
    ("Pour the batter into a greased baking pan.", 9, "Beef Tacos"),
    ("Bake for 25-30 minutes until golden brown.", 10, "Beef Tacos"),
    ("Marinate the chicken with spices and yogurt.", 11, "Beef Tacos"),
    ("Fluff the rice with a fork before serving.", 1, "Thai Peanut Noodles"),
    ("Preheat the oven to 350F (175C).", 2, "Thai Peanut Noodles"),
    ("Heat sauce in a separate pan.", 3, "Thai Peanut Noodles"),
    ("Add butter and milk to the mixture.", 4, "Thai Peanut Noodles"),
    ("Heat sauce in a separate pan.", 5, "Thai Peanut Noodles"),
    ("Heat oil in a large skillet over medium-high heat.", 6, "Thai Peanut Noodles"),
    ("Stir in the vegetables and cook for 5-7 minutes.", 7, "Thai Peanut Noodles"),
    ("Rinse the rice under cold water until the water runs clear.", 8, "Thai Peanut Noodles"),
    ("Cook for 8-10 minutes until al dente.", 1, "Grilled Shrimp"),
    ("Add the chicken to the skillet and cook for 6-8 minutes per side.", 2, "Grilled Shrimp"),
    ("Cover and simmer for 18-20 minutes.", 3, "Grilled Shrimp"),
    ("Combine pasta and sauce, and mix well.", 4, "Grilled Shrimp"),
    ("Heat sauce in a separate pan.", 5, "Grilled Shrimp"),
    ("Heat oil in a pan over medium heat.", 6, "Grilled Shrimp"),
    ("Garnish with fresh cilantro before serving.", 7, "Grilled Shrimp"),
    ("Cover and simmer for 18-20 minutes.", 8, "Grilled Shrimp"),
    ("Chop the vegetables into small pieces.", 9, "Grilled Shrimp"),
    ("Bake for 25-30 minutes until golden brown.", 10, "Grilled Shrimp"),
    ("Combine rice and water in a pot.", 11, "Grilled Shrimp"),
    ("Season with salt and pepper.", 12, "Grilled Shrimp"),
    ("Bring to a boil, then reduce heat to low.", 13, "Grilled Shrimp"),
    ("Pour the batter into a greased baking pan.", 14, "Grilled Shrimp"),
    ("Chop the vegetables into small pieces.", 15, "Grilled Shrimp"),
    ("Remove from heat and let it stand covered for 5 minutes.", 16, "Grilled Shrimp"),
    ("Add butter and milk to the mixture.", 17, "Grilled Shrimp"),
    ("Add pasta to the boiling water.", 18, "Grilled Shrimp"),
    ("Marinate the chicken with spices and yogurt.", 19, "Grilled Shrimp"),
    ("Cover and simmer for 18-20 minutes.", 20, "Grilled Shrimp"),
    ("Combine pasta and sauce, and mix well.", 21, "Grilled Shrimp"),
    ("Cover and simmer for 18-20 minutes.", 22, "Grilled Shrimp"),
    ("Preheat the oven to 350F (175C).", 23, "Grilled Shrimp"),
    ("Bring to a boil, then reduce heat to low.", 1, "Beef Wellington"),
    ("Add garlic and onions to the pan.", 2, "Beef Wellington"),
    ("Cover and simmer for 18-20 minutes.", 3, "Beef Wellington"),
    ("Garnish with fresh cilantro before serving.", 4, "Beef Wellington"),
    ("Bake for 25-30 minutes until golden brown.", 5, "Beef Wellington"),
    ("Add pasta to the boiling water.", 6, "Beef Wellington"),
    ("Combine pasta and sauce, and mix well.", 7, "Beef Wellington"),
    ("Bake for 25-30 minutes until golden brown.", 8, "Beef Wellington"),
    ("Add pasta to the boiling water.", 9, "Beef Wellington"),
    ("Serve hot.", 10, "Beef Wellington"),
    ("Add the chicken to the skillet and cook for 6-8 minutes per side.", 11, "Beef Wellington"),
    ("Combine rice and water in a pot.", 12, "Beef Wellington"),
    ("Serve hot.", 13, "Beef Wellington"),
    ("Bake for 25-30 minutes until golden brown.", 14, "Beef Wellington"),
    ("Cook for 8-10 minutes until al dente.", 1, "Shrimp Scampi"),
    ("Cook for 8-10 minutes until al dente.", 2, "Shrimp Scampi"),
    ("Stir in the vegetables and cook for 5-7 minutes.", 3, "Shrimp Scampi"),
    ("Stir in the vegetables and cook for 5-7 minutes.", 4, "Shrimp Scampi"),
    ("Serve hot.", 5, "Shrimp Scampi"),
    ("Reduce the heat and let it simmer for 15 minutes.", 6, "Shrimp Scampi"),
    ("Let it sit for at least 30 minutes.", 7, "Shrimp Scampi"),
    ("Bring to a boil, then reduce heat to low.", 8, "Shrimp Scampi"),
    ("Combine pasta and sauce, and mix well.", 9, "Shrimp Scampi"),
    ("Combine pasta and sauce, and mix well.", 10, "Shrimp Scampi"),
    ("Preheat the oven to 350F (175C).", 11, "Shrimp Scampi"),
    ("Stir in the vegetables and cook for 5-7 minutes.", 12, "Shrimp Scampi"),
    ("Add pasta to the boiling water.", 1, "Vegetable Stir Fry"),
    ("Add butter and milk to the mixture.", 2, "Vegetable Stir Fry"),
    ("Cook for 8-10 minutes until al dente.", 3, "Vegetable Stir Fry"),
    ("Mix flour, sugar, and eggs in a bowl.", 4, "Vegetable Stir Fry"),
    ("Bring to a boil, then reduce heat to low.", 5, "Vegetable Stir Fry"),
    ("Bring to a boil, then reduce heat to low.", 6, "Vegetable Stir Fry"),
    ("Pour the batter into a greased baking pan.", 7, "Vegetable Stir Fry"),
    ("Heat oil in a large skillet over medium-high heat.", 8, "Vegetable Stir Fry"),
    ("Marinate the chicken with spices and yogurt.", 9, "Vegetable Stir Fry"),
    ("Heat oil in a pan over medium heat.", 10, "Vegetable Stir Fry"),
    ("Chop the vegetables into small pieces.", 11, "Vegetable Stir Fry"),
    ("Chop the vegetables into small pieces.", 12, "Vegetable Stir Fry"),
    ("Serve hot.", 13, "Vegetable Stir Fry"),
    ("Season with salt and pepper.", 14, "Vegetable Stir Fry"),
    ("Mix flour, sugar, and eggs in a bowl.", 15, "Vegetable Stir Fry"),
    ("Serve hot.", 16, "Vegetable Stir Fry"),
    ("Bring to a boil, then reduce heat to low.", 17, "Vegetable Stir Fry"),
    ("Add the chicken to the skillet and cook for 6-8 minutes per side.", 18, "Vegetable Stir Fry"),
    ("Reduce the heat and let it simmer for 15 minutes.", 19, "Vegetable Stir Fry"),
    ("Add garlic and onions to the pan.", 20, "Vegetable Stir Fry"),
    ("Remove from heat and let it stand covered for 5 minutes.", 21, "Vegetable Stir Fry"),
    ("Heat sauce in a separate pan.", 1, "Minestrone Soup"),
    ("Boil water in a large pot.", 2, "Minestrone Soup"),
    ("Fluff the rice with a fork before serving.", 3, "Minestrone Soup"),
    ("Add butter and milk to the mixture.", 4, "Minestrone Soup"),
    ("Add butter and milk to the mixture.", 5, "Minestrone Soup"),
    ("Stir in the vegetables and cook for 5-7 minutes.", 6, "Minestrone Soup"),
    ("Rinse the rice under cold water until the water runs clear.", 7, "Minestrone Soup"),
    ("Serve with grated cheese on top.", 8, "Minestrone Soup"),
    ("Heat oil in a large skillet over medium-high heat.", 9, "Minestrone Soup"),
    ("Bring to a boil, then reduce heat to low.", 10, "Minestrone Soup"),
    ("Preheat the oven to 350F (175C).", 11, "Minestrone Soup"),
    ("Stir in the vegetables and cook for 5-7 minutes.", 12, "Minestrone Soup"),
    ("Garnish with fresh cilantro before serving.", 13, "Minestrone Soup"),
    ("Boil water in a large pot.", 14, "Minestrone Soup"),
    ("Let it sit for at least 30 minutes.", 15, "Minestrone Soup"),
    ("Mix flour, sugar, and eggs in a bowl.", 16, "Minestrone Soup"),
    ("Garnish with fresh cilantro before serving.", 17, "Minestrone Soup"),
    ("Let it sit for at least 30 minutes.", 18, "Minestrone Soup"),
    ("Cover and simmer for 18-20 minutes.", 19, "Minestrone Soup"),
    ("Pour the batter into a greased baking pan.", 20, "Minestrone Soup"),
    ("Reduce the heat and let it simmer for 15 minutes.", 21, "Minestrone Soup"),
    ("Heat sauce in a separate pan.", 22, "Minestrone Soup"),
    ("Heat oil in a large skillet over medium-high heat.", 23, "Minestrone Soup"),
    ("Bring to a boil, then reduce heat to low.", 24, "Minestrone Soup"),
    ("Bake for 25-30 minutes until golden brown.", 1, "Meatballs with sauce"),
    ("Heat oil in a pan over medium heat.", 2, "Meatballs with sauce"),
    ("Serve with grated cheese on top.", 3, "Meatballs with sauce"),
    ("Preheat the oven to 350F (175C).", 4, "Meatballs with sauce"),
    ("Rinse the rice under cold water until the water runs clear.", 5, "Meatballs with sauce"),
    ("Add garlic and onions to the pan.", 6, "Meatballs with sauce"),
    ("Drain the pasta and set aside.", 7, "Meatballs with sauce"),
    ("Heat oil in a pan over medium heat.", 8, "Meatballs with sauce"),
    ("Cover and simmer for 18-20 minutes.", 9, "Meatballs with sauce"),
    ("Add the chicken to the skillet and cook for 6-8 minutes per side.", 10, "Meatballs with sauce"),
    ("Reduce the heat and let it simmer for 15 minutes.", 11, "Meatballs with sauce"),
    ("Remove from heat and let it stand covered for 5 minutes.", 12, "Meatballs with sauce"),
    ("Rinse the rice under cold water until the water runs clear.", 13, "Meatballs with sauce"),
    ("Heat sauce in a separate pan.", 14, "Meatballs with sauce"),
    ("Drain the pasta and set aside.", 1, "Soy Mustard Salmon"),
    ("Stir in the vegetables and cook for 5-7 minutes.", 2, "Soy Mustard Salmon"),
    ("Add garlic and onions to the pan.", 3, "Soy Mustard Salmon"),
    ("Rinse the rice under cold water until the water runs clear.", 4, "Soy Mustard Salmon"),
    ("Boil water in a large pot.", 5, "Soy Mustard Salmon"),
    ("Serve with grated cheese on top.", 6, "Soy Mustard Salmon"),
    ("Mix flour, sugar, and eggs in a bowl.", 7, "Soy Mustard Salmon"),
    ("Serve hot.", 8, "Soy Mustard Salmon"),
    ("Garnish with fresh cilantro before serving.", 9, "Soy Mustard Salmon"),
    ("Bring to a boil, then reduce heat to low.", 10, "Soy Mustard Salmon"),
    ("Stir in the vegetables and cook for 5-7 minutes.", 11, "Soy Mustard Salmon"),
    ("Reduce the heat and let it simmer for 15 minutes.", 12, "Soy Mustard Salmon"),
    ("Add butter and milk to the mixture.", 1, "Spinach and Artichoke Dip"),
    ("Combine rice and water in a pot.", 2, "Spinach and Artichoke Dip"),
    ("Stir in the vegetables and cook for 5-7 minutes.", 3, "Spinach and Artichoke Dip"),
    ("Marinate the chicken with spices and yogurt.", 4, "Spinach and Artichoke Dip"),
    ("Serve hot.", 5, "Spinach and Artichoke Dip"),
    ("Garnish with fresh cilantro before serving.", 6, "Spinach and Artichoke Dip"),
    ("Heat oil in a pan over medium heat.", 7, "Spinach and Artichoke Dip"),
    ("Heat oil in a pan over medium heat.", 8, "Spinach and Artichoke Dip"),
    ("Marinate the chicken with spices and yogurt.", 9, "Spinach and Artichoke Dip"),
    ("Cover and simmer for 18-20 minutes.", 10, "Spinach and Artichoke Dip"),
    ("Preheat the oven to 350F (175C).", 11, "Spinach and Artichoke Dip"),
    ("Add pasta to the boiling water.", 12, "Spinach and Artichoke Dip"),
    ("Garnish with fresh cilantro before serving.", 13, "Spinach and Artichoke Dip"),
    ("Heat sauce in a separate pan.", 14, "Spinach and Artichoke Dip"),
    ("Let it cool before serving.", 15, "Spinach and Artichoke Dip"),
    ("Heat oil in a large skillet over medium-high heat.", 16, "Spinach and Artichoke Dip"),
    ("Let it cool before serving.", 17, "Spinach and Artichoke Dip"),
    ("Add the chicken to the skillet and cook for 6-8 minutes per side.", 18, "Spinach and Artichoke Dip"),
    ("Pour the batter into a greased baking pan.", 19, "Spinach and Artichoke Dip"),
    ("Let it cool before serving.", 20, "Spinach and Artichoke Dip"),
    ("Add pasta to the boiling water.", 21, "Spinach and Artichoke Dip"),
    ("Preheat the oven to 350F (175C).", 22, "Spinach and Artichoke Dip"),
    ("Fluff the rice with a fork before serving.", 1, "Pizza"),
    ("Marinate the chicken with spices and yogurt.", 2, "Pizza"),
    ("Chop the vegetables into small pieces.", 3, "Pizza"),
    ("Add garlic and onions to the pan.", 4, "Pizza"),
    ("Fluff the rice with a fork before serving.", 5, "Pizza"),
    ("Heat oil in a pan over medium heat.", 6, "Pizza"),
    ("Add the chicken to the skillet and cook for 6-8 minutes per side.", 7, "Pizza"),
    ("Mix flour, sugar, and eggs in a bowl.", 8, "Pizza"),
    ("Chop the vegetables into small pieces.", 9, "Pizza"),
    ("Drain the pasta and set aside.", 10, "Pizza"),
    ("Add butter and milk to the mixture.", 11, "Pizza"),
    ("Let it sit for at least 30 minutes.", 12, "Pizza"),
    ("Add pasta to the boiling water.", 1, "Quinoa Brussels Sweet Potato Salad"),
    ("Heat oil in a large skillet over medium-high heat.", 2, "Quinoa Brussels Sweet Potato Salad"),
    ("Bring to a boil, then reduce heat to low.", 3, "Quinoa Brussels Sweet Potato Salad"),
    ("Add pasta to the boiling water.", 4, "Quinoa Brussels Sweet Potato Salad"),
    ("Add the chicken to the skillet and cook for 6-8 minutes per side.", 5, "Quinoa Brussels Sweet Potato Salad"),
    ("Mix flour, sugar, and eggs in a bowl.", 6, "Quinoa Brussels Sweet Potato Salad"),
    ("Cover and simmer for 18-20 minutes.", 7, "Quinoa Brussels Sweet Potato Salad"),
    ("Rinse the rice under cold water until the water runs clear.", 8, "Quinoa Brussels Sweet Potato Salad"),
    ("Stir in the vegetables and cook for 5-7 minutes.", 9, "Quinoa Brussels Sweet Potato Salad"),
    ("Boil water in a large pot.", 10, "Quinoa Brussels Sweet Potato Salad"),
    ("Combine pasta and sauce, and mix well.", 11, "Quinoa Brussels Sweet Potato Salad"),
    ("Let it sit for at least 30 minutes.", 12, "Quinoa Brussels Sweet Potato Salad"),
    ("Add pasta to the boiling water.", 13, "Quinoa Brussels Sweet Potato Salad"),
    ("Combine rice and water in a pot.", 14, "Quinoa Brussels Sweet Potato Salad"),
    ("Season with salt and pepper.", 15, "Quinoa Brussels Sweet Potato Salad"),
    ("Add garlic and onions to the pan.", 16, "Quinoa Brussels Sweet Potato Salad"),
    ("Serve hot.", 17, "Quinoa Brussels Sweet Potato Salad"),
    ("Rinse the rice under cold water until the water runs clear.", 18, "Quinoa Brussels Sweet Potato Salad");


INSERT INTO thematic_unit
VALUES
    ("Thanksgiving desserts", "Delicious desserts traditionally enjoyed during the Easter holiday.", "https://dummyimage.com/1312x1493", "Information worker likely partner its should."),
    ("Christmas desserts", "Creamy and flavorful rice dishes made with a variety of ingredients.", "https://dummyimage.com/1173x1541", "Fly must above assume entire challenge."),
    ("Easter desserts", "Refreshing salads that are perfect for the hot summer months.", "https://dummyimage.com/1735x1515", "Never push answer next all have raise bill."),
    ("Risotto dishes", "Appetizers that are often served during holiday gatherings and parties.", "https://dummyimage.com/1997x1925", "Talk edge difference everybody population."),
    ("Summer salads", "Nutritious and tasty smoothies perfect for a quick and healthy breakfast.", "https://dummyimage.com/1488x1643", "Morning capital likely heavy program food."),
    ("Holiday appetizers", "Cold salads made with pasta and a variety of other ingredients.", "https://dummyimage.com/1803x1974", "Hundred baby have brother."),
    ("Breakfast smoothies", "Sandwiches that are easy to pack and enjoy during a picnic.", "https://dummyimage.com/1853x1200", "Impact store goal wrong those front rock continue."),
    ("Pasta salads", "Vegetable dishes that are cooked on the grill for a delicious smoky flavor.", "https://dummyimage.com/1531x1419", "Require word discussion media collection threat."),
    ("Picnic sandwiches", "Various baked treats such as cakes, cookies, and bread.", "https://dummyimage.com/1108x1196", "Cup away in stuff half design suffer."),
    ("Grilled vegetable dishes", "Different types of soups, perfect for warming up on a chilly day.", "https://dummyimage.com/1745x1295", "Three visit pass upon whether this."),
    ("Baked goods", "Thicker smoothies served in a bowl and topped with various fruits and nuts.", "https://dummyimage.com/1824x1783", "Herself marriage floor arm test."),
    ("Soup varieties", "Nutritious snacks that are both delicious and good for you.", "https://dummyimage.com/1973x1309", "Measure computer get."),
    ("Smoothie bowls", "Meals that are cooked in a single pot for easy cleanup and convenience.", "https://dummyimage.com/1077x1594", "Side number rock drop note."),
    ("Healthy snack options", "Baked dishes made with a variety of ingredients, often topped with cheese or breadcrumbs.", "https://dummyimage.com/1584x1272", "Civil include question finish reflect."),
    ("One-pot meals", "Dishes typically enjoyed during a late-morning meal combining breakfast and lunch.", "https://dummyimage.com/1704x1947", "Recently account share Democrat."),
    ("Casserole dishes", "Fast and flavorful dishes made by quickly frying ingredients in a hot pan.", "https://dummyimage.com/1305x1349", "Letter send there without later light understand."),
    ("Brunch items", "Cold and sweet treats perfect for a hot day.", "https://dummyimage.com/1679x1553", "Actually like scene agency wish nothing participant."),
    ("Quick stir-fries", "Small, nutritious snacks packed with energy-boosting ingredients.", "https://dummyimage.com/1320x1990", "Able look middle study."),
    ("Frozen desserts", "Complete meals cooked on a single sheet pan in the oven.", "https://dummyimage.com/1411x1411", "Data region turn training response stock movie."),
    ("Energy bites", "Colorful salads made with a variety of fresh fruits.", "https://dummyimage.com/1278x1707", "Bill development method history student economic young."),
    ("Sheet pan dinners", "Chilled noodle dishes often served with a flavorful sauce.", "https://dummyimage.com/1517x1506", "Expect material sell her determine sport."),
    ("Fruit salads", "Side dishes that complement grilled meats and vegetables.", "https://dummyimage.com/1208x1960", "Some lay Democrat ability."),
    ("Cold noodle dishes", "Soups that are served cold, ideal for hot summer days.", "https://dummyimage.com/1816x1597", "Set financial whatever."),
    ("Barbecue sides", "Various dips and spreads served with bread, crackers, or vegetables.", "https://dummyimage.com/1548x1838", "Manage street never spring hour role hit."),
    ("Chilled soups", "Nourishing bowls made with grains, vegetables, and protein.", "https://dummyimage.com/1711x1017", "Summer future similar appear."),
    ("Grain bowls", "Delicious tarts filled with savory ingredients like cheese, vegetables, or meat.", "https://dummyimage.com/1181x1411", "Fact respond method."),
    ("Savory tarts", "Comforting dishes cooked at the dining table in a simmering pot of broth.", "https://dummyimage.com/1190x1312", "Score little company power receive my."),
    ("Hot pot dishes", "Vegetables roasted in the oven for a delicious caramelized flavor.", "https://dummyimage.com/1327x1456", "Situation score industry individual."),
    ("Oven-roasted vegetables", "Small, easy-to-eat foods that are perfect for parties and gatherings.", "https://dummyimage.com/1820x1446", "Stage right structure run little."),
    ("Finger foods", "Refreshing juice blends made from various fruits and vegetables.", "https://dummyimage.com/1143x1230", "Study control remember second world sort.");


INSERT INTO belongs_to_thematic_unit
VALUES
    ("Healthy Buckwheat Soup", "Summer salads"),
    ("Healthy Buckwheat Soup", "Grain bowls"),
    ("Healthy Buckwheat Soup", "Frozen desserts"),
    ("Healthy Buckwheat Soup", "Easter desserts"),
    ("Healthy Buckwheat Soup", "Risotto dishes"),
    ("Healthy Buckwheat Soup", "Fruit salads"),
    ("Gnocci and white beans", "Holiday appetizers"),
    ("Gnocci and white beans", "Thanksgiving desserts"),
    ("Gnocci and white beans", "Savory tarts"),
    ("Gnocci and white beans", "Breakfast smoothies"),
    ("Gnocci and white beans", "Quick stir-fries"),
    ("Gnocci and white beans", "Risotto dishes"),
    ("Gnocci and white beans", "Hot pot dishes"),
    ("Fettuccine Alfredo", "Energy bites"),
    ("Fettuccine Alfredo", "Christmas desserts"),
    ("Falafel Wrap", "Brunch items"),
    ("Falafel Wrap", "Grain bowls"),
    ("Falafel Wrap", "Grilled vegetable dishes"),
    ("Falafel Wrap", "Quick stir-fries"),
    ("Falafel Wrap", "Chilled soups"),
    ("Falafel Wrap", "Baked goods"),
    ("Falafel Wrap", "Cold noodle dishes"),
    ("Chicken Parmesan", "Soup varieties"),
    ("BBQ Chicken Pizza", "Baked goods"),
    ("BBQ Chicken Pizza", "Frozen desserts"),
    ("BBQ Chicken Pizza", "Cold noodle dishes"),
    ("BBQ Chicken Pizza", "Christmas desserts"),
    ("Cauliflower Steak", "Soup varieties"),
    ("Cauliflower Steak", "Grain bowls"),
    ("Grilled Chicken Salad", "Smoothie bowls"),
    ("Grilled Chicken Salad", "Barbecue sides"),
    ("New Potato Lentil Salad", "Easter desserts"),
    ("Buttery Herb Chicken", "One-pot meals"),
    ("Chicken Fajitas", "One-pot meals"),
    ("Chicken Fajitas", "Smoothie bowls"),
    ("Chicken Fajitas", "Summer salads"),
    ("Chicken Fajitas", "Quick stir-fries"),
    ("Hearty Pancakes", "Frozen desserts"),
    ("Hearty Pancakes", "Thanksgiving desserts"),
    ("Black Bean Soup", "Casserole dishes"),
    ("Lamb Gyros", "Brunch items"),
    ("Balsamic Potatoes and Asparagus", "Healthy snack options"),
    ("Balsamic Potatoes and Asparagus", "Fruit salads"),
    ("Balsamic Potatoes and Asparagus", "Easter desserts"),
    ("Balsamic Potatoes and Asparagus", "Quick stir-fries"),
    ("Balsamic Potatoes and Asparagus", "Finger foods"),
    ("Balsamic Potatoes and Asparagus", "Risotto dishes"),
    ("Balsamic Potatoes and Asparagus", "One-pot meals"),
    ("Black Bean Burgers", "Casserole dishes"),
    ("Black Bean Burgers", "Frozen desserts"),
    ("Black Bean Burgers", "Brunch items"),
    ("Black Bean Burgers", "Breakfast smoothies"),
    ("Black Bean Burgers", "Quick stir-fries"),
    ("Turkey Club Sandwich", "Baked goods"),
    ("Turkey Club Sandwich", "One-pot meals"),
    ("Turkey Club Sandwich", "Summer salads"),
    ("Rice noodles with meatballs and bok choy", "Picnic sandwiches"),
    ("Rice noodles with meatballs and bok choy", "Breakfast smoothies"),
    ("Rice noodles with meatballs and bok choy", "Pasta salads"),
    ("Turkey Soup with Homemade Noodles", "Easter desserts"),
    ("Turkey Soup with Homemade Noodles", "Smoothie bowls"),
    ("Turkey Soup with Homemade Noodles", "Summer salads"),
    ("Moussaka", "Pasta salads"),
    ("Moussaka", "Risotto dishes"),
    ("Moussaka", "Baked goods"),
    ("Moussaka", "Barbecue sides"),
    ("Greek Yogurt and Honey Blueberry Muffins", "Picnic sandwiches"),
    ("Greek Yogurt and Honey Blueberry Muffins", "Baked goods"),
    ("Greek Yogurt and Honey Blueberry Muffins", "Pasta salads"),
    ("Qahaq Cookies", "Breakfast smoothies"),
    ("Qahaq Cookies", "Grilled vegetable dishes"),
    ("Qahaq Cookies", "Picnic sandwiches"),
    ("Qahaq Cookies", "Casserole dishes"),
    ("Qahaq Cookies", "Christmas desserts"),
    ("Qahaq Cookies", "Baked goods"),
    ("Qahaq Cookies", "Oven-roasted vegetables"),
    ("Sweet Korean Lentils", "Picnic sandwiches"),
    ("Sweet Korean Lentils", "Summer salads"),
    ("Sweet Korean Lentils", "Cold noodle dishes"),
    ("Sweet Korean Lentils", "Chilled soups"),
    ("Sweet Korean Lentils", "Finger foods"),
    ("Sweet Korean Lentils", "Smoothie bowls"),
    ("Sweet Korean Lentils", "Pasta salads"),
    ("Spanish Chickpeas", "Barbecue sides"),
    ("Beef Stroganoff", "One-pot meals"),
    ("Beef Stroganoff", "Sheet pan dinners"),
    ("Beef Stroganoff", "Hot pot dishes"),
    ("Beef Stroganoff", "Cold noodle dishes"),
    ("Beef Stroganoff", "Savory tarts"),
    ("Beef Stroganoff", "Summer salads"),
    ("Salmon Teriyaki", "Healthy snack options"),
    ("Salmon Teriyaki", "Sheet pan dinners"),
    ("Salmon Teriyaki", "Breakfast smoothies"),
    ("Salmon nigiri", "Hot pot dishes"),
    ("Salmon nigiri", "Oven-roasted vegetables"),
    ("Salmon nigiri", "Easter desserts"),
    ("Salmon nigiri", "Grilled vegetable dishes"),
    ("Vegetable Noodle Soup", "Thanksgiving desserts"),
    ("Vegetable Noodle Soup", "Pasta salads"),
    ("Vegetable Noodle Soup", "Energy bites"),
    ("Beef Tacos", "Grain bowls"),
    ("Beef Tacos", "Energy bites"),
    ("Thai Peanut Noodles", "One-pot meals"),
    ("Thai Peanut Noodles", "Sheet pan dinners"),
    ("Thai Peanut Noodles", "Summer salads"),
    ("Thai Peanut Noodles", "Hot pot dishes"),
    ("Thai Peanut Noodles", "Oven-roasted vegetables"),
    ("Thai Peanut Noodles", "Barbecue sides"),
    ("Grilled Shrimp", "Pasta salads"),
    ("Grilled Shrimp", "Healthy snack options"),
    ("Grilled Shrimp", "Fruit salads"),
    ("Grilled Shrimp", "Oven-roasted vegetables"),
    ("Beef Wellington", "Hot pot dishes"),
    ("Beef Wellington", "Chilled soups"),
    ("Beef Wellington", "Summer salads"),
    ("Beef Wellington", "Christmas desserts"),
    ("Beef Wellington", "Oven-roasted vegetables"),
    ("Beef Wellington", "One-pot meals"),
    ("Shrimp Scampi", "Thanksgiving desserts"),
    ("Shrimp Scampi", "Cold noodle dishes"),
    ("Shrimp Scampi", "Casserole dishes"),
    ("Shrimp Scampi", "Risotto dishes"),
    ("Shrimp Scampi", "Picnic sandwiches"),
    ("Shrimp Scampi", "Oven-roasted vegetables"),
    ("Shrimp Scampi", "Breakfast smoothies"),
    ("Vegetable Stir Fry", "Christmas desserts"),
    ("Vegetable Stir Fry", "Savory tarts"),
    ("Vegetable Stir Fry", "Fruit salads"),
    ("Minestrone Soup", "Frozen desserts"),
    ("Minestrone Soup", "Pasta salads"),
    ("Minestrone Soup", "Quick stir-fries"),
    ("Minestrone Soup", "Summer salads"),
    ("Meatballs with sauce", "Holiday appetizers"),
    ("Soy Mustard Salmon", "Casserole dishes"),
    ("Soy Mustard Salmon", "Easter desserts"),
    ("Soy Mustard Salmon", "One-pot meals"),
    ("Soy Mustard Salmon", "Energy bites"),
    ("Soy Mustard Salmon", "Grain bowls"),
    ("Soy Mustard Salmon", "Pasta salads"),
    ("Spinach and Artichoke Dip", "Baked goods"),
    ("Spinach and Artichoke Dip", "Quick stir-fries"),
    ("Spinach and Artichoke Dip", "Finger foods"),
    ("Spinach and Artichoke Dip", "Pasta salads"),
    ("Pizza", "Healthy snack options"),
    ("Pizza", "Breakfast smoothies"),
    ("Pizza", "Savory tarts"),
    ("Quinoa Brussels Sweet Potato Salad", "Hot pot dishes"),
    ("Quinoa Brussels Sweet Potato Salad", "Chilled soups");


INSERT INTO cooks
VALUES
    (29, "Katie", "Herrera", "6967177046", '1961-01-07', NULL, 23, "B Cook", "https://dummyimage.com/1249x1230", "Before measure suddenly player language ago thus."),
    (15, "Brianna", "Ortega", "6986872103", '1997-08-13', NULL, 3, "A Cook", "https://dummyimage.com/1433x1803", "Recent economy life whom cup meet."),
    (5, "Omar", "Lamb", "6922931538", '1987-04-13', NULL, 1, "A Cook", "https://dummyimage.com/1526x1482", "Great be wear find economic senior hold."),
    (21, "Victoria", "Gonzalez", "6958575786", '1987-09-23', NULL, 8, "B Cook", "https://dummyimage.com/1682x1890", "Certainly best everyone reduce get spend."),
    (4, "Rachel", "Lynn", "6961744912", '1971-03-25', NULL, 4, "Chef", "https://dummyimage.com/1259x1756", "Hand marriage style success."),
    (12, "Christopher", "Carroll", "6944731457", '1968-03-01', NULL, 21, "Chef's Assistant", "https://dummyimage.com/1673x1411", "Impact figure can across child design issue."),
    (8, "Anthony", "Stone", "6976003430", '1990-07-14', NULL, 13, "Chef", "https://dummyimage.com/1136x1315", "Avoid cultural production determine."),
    (3, "Cynthia", "Rivera", "6974753223", '1983-08-04', NULL, 18, "A Cook", "https://dummyimage.com/1946x1297", "Despite citizen political visit computer television high back."),
    (9, "Robert", "Williams", "6961489571", '1989-08-16', NULL, 14, "A Cook", "https://dummyimage.com/1394x1566", "Conference decade back develop."),
    (23, "Emily", "Smith", "6998070711", '1962-01-07', NULL, 15, "B Cook", "https://dummyimage.com/1640x1729", "Computer top according peace city lead floor."),
    (6, "Christina", "Green", "6975650384", '1988-05-13', NULL, 5, "A Cook", "https://dummyimage.com/1107x1886", "Couple food sing least partner something."),
    (17, "Dana", "Allen", "6940184184", '1962-02-18', NULL, 8, "Chef", "https://dummyimage.com/1434x1352", "Perform allow energy deep top child your."),
    (25, "Rodney", "Hernandez", "6918166945", '1960-02-03', NULL, 3, "C Cook", "https://dummyimage.com/1860x1450", "Pretty production end much research."),
    (2, "Anthony", "Franco", "6988621814", '1986-09-14', NULL, 8, "A Cook", "https://dummyimage.com/1561x1857", "Institution board medical current."),
    (27, "Kathryn", "Miller", "6938425868", '1983-04-09', NULL, 21, "Chef's Assistant", "https://dummyimage.com/1349x1795", "Reality low worker blood or get."),
    (16, "Gabriel", "Melton", "6951920521", '1997-07-18', NULL, 1, "A Cook", "https://dummyimage.com/1675x1815", "Employee beautiful necessary really idea son."),
    (10, "Marie", "Harvey", "6999737211", '1978-05-21', NULL, 23, "B Cook", "https://dummyimage.com/1795x1603", "Reduce fall even PM under."),
    (7, "Kyle", "Palmer", "6926374921", '1977-07-04', NULL, 17, "Chef's Assistant", "https://dummyimage.com/1747x1563", "Miss tree bad item mind see."),
    (18, "Kaitlyn", "Roach", "6993175819", '2001-08-30', NULL, 2, "Chef", "https://dummyimage.com/1460x1053", "Time kid road rather computer enjoy."),
    (26, "Anthony", "Woodward", "6997160444", '1984-12-02', NULL, 5, "B Cook", "https://dummyimage.com/1326x1274", "Art teach including bed without time."),
    (11, "Thomas", "Gonzalez", "6929869699", '1962-09-08', NULL, 17, "A Cook", "https://dummyimage.com/1119x1029", "Nature research position blue line hot season example."),
    (22, "Shannon", "Baker", "6983539178", '1989-01-29', NULL, 8, "A Cook", "https://dummyimage.com/1154x1284", "Example voice itself."),
    (30, "Donald", "Moyer", "6976927124", '2004-06-08', NULL, 1, "Chef", "https://dummyimage.com/1995x1759", "Finish throughout buy value name to."),
    (1, "Cory", "Tucker", "6946481805", '1964-03-06', NULL, 4, "B Cook", "https://dummyimage.com/1064x1523", "Court expect up example toward."),
    (28, "Henry", "Carter", "6983941288", '2003-05-23', NULL, 3, "Chef's Assistant", "https://dummyimage.com/1532x1306", "During three low memory bring."),
    (19, "Ryan", "Good", "6922403702", '1981-10-26', NULL, 5, "B Cook", "https://dummyimage.com/1904x1067", "Market consumer arrive watch decision middle Republican."),
    (14, "Thomas", "Herrera", "6989303733", '2005-09-22', NULL, 1, "B Cook", "https://dummyimage.com/1884x1787", "Growth future spend size imagine scene simple production."),
    (20, "Anna", "Williams", "6993791783", '1985-10-07', NULL, 18, "Chef's Assistant", "https://dummyimage.com/1866x1204", "You total wear shake with hear."),
    (13, "Andrew", "Chase", "6945679123", '1975-02-26', NULL, 21, "B Cook", "https://dummyimage.com/1720x1822", "Republican difference mouth director hotel audience financial."),
    (24, "Vincent", "Bishop", "6926640208", '1989-03-18', NULL, 1, "A Cook", "https://dummyimage.com/1189x1515", "Air consider bank tend particular put nearly.");


INSERT INTO cooks_belongs_to_national_cuisine
VALUES
    (29, "Bashkir"),
    (29, "Andhra"),
    (29, "Georgian"),
    (29, "Buddhist"),
    (29, "New Mexican"),
    (15, "Polish"),
    (15, "Ainu"),
    (15, "Anglo-Indian"),
    (15, "Georgian"),
    (5, "Karnataka"),
    (5, "Malaysian Chinese cuisine"),
    (5, "Odia"),
    (5, "Filipino"),
    (21, "Ainu"),
    (21, "Estonian"),
    (21, "Odia"),
    (21, "British"),
    (21, "Filipino"),
    (21, "Brazilian"),
    (4, "Parsi"),
    (4, "Cantonese"),
    (4, "Bashkir"),
    (4, "Indonesian"),
    (4, "Pennsylvania Dutch"),
    (12, "Sami"),
    (12, "Chinese cuisine"),
    (12, "Malaysian Chinese cuisine"),
    (12, "Serbian"),
    (8, "Zambian"),
    (8, "Serbian"),
    (3, "Sami"),
    (3, "Odia"),
    (3, "British"),
    (3, "Georgian"),
    (9, "Indonesian"),
    (9, "Karnataka"),
    (9, "Vietnamese"),
    (9, "Eritrean"),
    (23, "Ainu"),
    (6, "Zambian"),
    (6, "Circassian"),
    (6, "Odia"),
    (6, "Vietnamese"),
    (6, "Laotian"),
    (6, "British"),
    (6, "Georgian"),
    (17, "Ainu"),
    (17, "Inuit"),
    (17, "Indonesian"),
    (17, "Estonian"),
    (17, "Eritrean"),
    (25, "Slovak"),
    (25, "Sami"),
    (25, "Estonian"),
    (25, "British"),
    (2, "Vietnamese"),
    (2, "British"),
    (2, "Serbian"),
    (2, "Georgian"),
    (2, "Cajun"),
    (2, "New Mexican"),
    (27, "Cantonese"),
    (27, "Circassian"),
    (27, "Karnataka"),
    (27, "Vietnamese"),
    (27, "Buddhist"),
    (16, "Parsi"),
    (16, "Slovak"),
    (16, "Malaysian Chinese cuisine"),
    (16, "Pennsylvania Dutch"),
    (16, "Punjabi"),
    (16, "Laotian"),
    (10, "Slovak"),
    (10, "Bashkir"),
    (10, "Ainu"),
    (10, "Pennsylvania Dutch"),
    (10, "Punjabi"),
    (10, "Egyptian"),
    (10, "Brazilian"),
    (10, "Cajun"),
    (7, "Circassian"),
    (7, "Indonesian"),
    (7, "Malaysian Chinese cuisine"),
    (7, "Pennsylvania Dutch"),
    (7, "Filipino"),
    (7, "Eritrean"),
    (18, "Zambian"),
    (18, "Polish"),
    (18, "Inuit"),
    (18, "Anglo-Indian"),
    (18, "Filipino"),
    (26, "Karnataka"),
    (26, "Egyptian"),
    (11, "Cantonese"),
    (11, "Slovak"),
    (11, "Ainu"),
    (11, "Chinese cuisine"),
    (11, "Andhra"),
    (11, "Serbian"),
    (11, "Brazilian"),
    (11, "American"),
    (22, "Slovak"),
    (22, "Chinese cuisine"),
    (22, "Karnataka"),
    (22, "Pennsylvania Dutch"),
    (22, "Egyptian"),
    (22, "British"),
    (22, "American"),
    (30, "Slovak"),
    (30, "Estonian"),
    (30, "Karnataka"),
    (30, "Malaysian Chinese cuisine"),
    (30, "Vietnamese"),
    (30, "Laotian"),
    (30, "Cajun"),
    (1, "Laotian"),
    (1, "Anglo-Indian"),
    (1, "Brazilian"),
    (1, "Eritrean"),
    (28, "Polish"),
    (28, "Circassian"),
    (28, "Bashkir"),
    (28, "Malaysian Chinese cuisine"),
    (28, "Pennsylvania Dutch"),
    (28, "Punjabi"),
    (28, "Brazilian"),
    (28, "Cajun"),
    (19, "Andhra"),
    (19, "American"),
    (14, "Parsi"),
    (14, "Inuit"),
    (14, "Georgian"),
    (14, "Buddhist"),
    (14, "Eritrean"),
    (20, "Parsi"),
    (20, "Inuit"),
    (13, "Sami"),
    (13, "Estonian"),
    (13, "Odia"),
    (13, "Laotian"),
    (13, "Cajun"),
    (13, "New Mexican"),
    (24, "Parsi"),
    (24, "Sami"),
    (24, "Filipino"),
    (24, "Serbian"),
    (24, "New Mexican");


INSERT INTO cook_credentials
    VALUES (7, "Cook", "cook");